Aug 14 13:53:23.888825 msap1 kernel: Booting Linux on physical CPU 0x0000000000 [0x410fd034]
Aug 14 13:53:23.888937 msap1 kernel: Linux version 6.18.10-xilinx-g4f7afe14f724 (oe-user@oe-host) (aarch64-mnc-linux-gcc (GCC) 13.4.0, GNU ld (GNU Binutils) 2.42.0.20240723) #1 SMP Tue May 26 15:23:35 UTC 2026
Aug 14 13:53:23.888997 msap1 kernel: KASLR disabled due to lack of seed
Aug 14 13:53:23.889046 msap1 kernel: Machine model: ZynqMP KR260 revB
Aug 14 13:53:23.889102 msap1 kernel: earlycon: cdns0 at MMIO 0x00000000ff010000 (options '115200n8')
Aug 14 13:53:23.889152 msap1 kernel: printk: legacy bootconsole [cdns0] enabled
Aug 14 13:53:23.889209 msap1 kernel: efi: UEFI not found.
Aug 14 13:53:23.889258 msap1 kernel: OF: reserved mem: 0x000000007ff00000..0x000000007fffffff (1024 KiB) nomap non-reusable pmu@7ff00000
Aug 14 13:53:23.889307 msap1 kernel: Reserved memory: created CMA memory pool at 0x000000004b000000, size 800 MiB
Aug 14 13:53:23.889355 msap1 kernel: OF: reserved mem: initialized node cma_reserved@4B000000, compatible id shared-dma-pool
Aug 14 13:53:23.889403 msap1 kernel: OF: reserved mem: 0x000000004b000000..0x000000007cffffff (819200 KiB) map reusable cma_reserved@4B000000
Aug 14 13:53:23.889455 msap1 kernel: OF: reserved mem: 0x0000000009800000..0x000000000985ffff (384 KiB) nomap non-reusable rproc0@9800000
Aug 14 13:53:23.889503 msap1 kernel: OF: reserved mem: 0x0000000009860000..0x0000000009863fff (16 KiB) nomap non-reusable vdev0vring0@9860000
Aug 14 13:53:23.889553 msap1 kernel: OF: reserved mem: 0x0000000009864000..0x0000000009867fff (16 KiB) nomap non-reusable vdev0vring1@9864000
Aug 14 13:53:23.889617 msap1 kernel: Reserved memory: created DMA memory pool at 0x0000000009868000, size 0 MiB
Aug 14 13:53:23.889664 msap1 kernel: OF: reserved mem: initialized node vdev0buffer@9868000, compatible id shared-dma-pool
Aug 14 13:53:23.889714 msap1 kernel: OF: reserved mem: 0x0000000009868000..0x00000000098a7fff (256 KiB) nomap non-reusable vdev0buffer@9868000
Aug 14 13:53:23.889763 msap1 kernel: OF: reserved mem: 0x0000000009e00000..0x0000000009e5ffff (384 KiB) nomap non-reusable rproc1@9e00000
Aug 14 13:53:23.889810 msap1 kernel: OF: reserved mem: 0x0000000009e60000..0x0000000009e63fff (16 KiB) nomap non-reusable vdev0vring0@9e60000
Aug 14 13:53:23.889858 msap1 kernel: OF: reserved mem: 0x0000000009e64000..0x0000000009e67fff (16 KiB) nomap non-reusable vdev0vring1@9e64000
Aug 14 13:53:23.889906 msap1 kernel: Reserved memory: created DMA memory pool at 0x0000000009e68000, size 0 MiB
Aug 14 13:53:23.889953 msap1 kernel: OF: reserved mem: initialized node vdev0buffer@9e68000, compatible id shared-dma-pool
Aug 14 13:53:23.890002 msap1 kernel: OF: reserved mem: 0x0000000009e68000..0x0000000009ea7fff (256 KiB) nomap non-reusable vdev0buffer@9e68000
Aug 14 13:53:23.890048 msap1 kernel: Zone ranges:
Aug 14 13:53:23.890095 msap1 kernel:   DMA      [mem 0x0000000000000000-0x00000000ffffffff]
Aug 14 13:53:23.890141 msap1 kernel:   DMA32    empty
Aug 14 13:53:23.890189 msap1 kernel:   Normal   [mem 0x0000000100000000-0x000000087fffffff]
Aug 14 13:53:23.890236 msap1 kernel: Movable zone start for each node
Aug 14 13:53:23.890281 msap1 kernel: Early memory node ranges
Aug 14 13:53:23.890335 msap1 kernel:   node   0: [mem 0x0000000000000000-0x00000000097fffff]
Aug 14 13:53:23.890382 msap1 kernel:   node   0: [mem 0x0000000009800000-0x00000000098a7fff]
Aug 14 13:53:23.890432 msap1 kernel:   node   0: [mem 0x00000000098a8000-0x0000000009dfffff]
Aug 14 13:53:23.890484 msap1 kernel:   node   0: [mem 0x0000000009e00000-0x0000000009ea7fff]
Aug 14 13:53:23.890531 msap1 kernel:   node   0: [mem 0x0000000009ea8000-0x000000007fefffff]
Aug 14 13:53:23.890578 msap1 kernel:   node   0: [mem 0x0000000800000000-0x000000087fffffff]
Aug 14 13:53:23.890625 msap1 kernel: Initmem setup node 0 [mem 0x0000000000000000-0x000000087fffffff]
Aug 14 13:53:23.890673 msap1 kernel: On node 0, zone Normal: 256 pages in unavailable ranges
Aug 14 13:53:23.890721 msap1 kernel: psci: probing for conduit method from DT.
Aug 14 13:53:23.890769 msap1 kernel: psci: PSCIv1.1 detected in firmware.
Aug 14 13:53:23.890818 msap1 kernel: psci: Using standard PSCI v0.2 function IDs
Aug 14 13:53:23.890884 msap1 kernel: psci: MIGRATE_INFO_TYPE not supported.
Aug 14 13:53:23.890932 msap1 kernel: psci: SMC Calling Convention v1.5
Aug 14 13:53:23.890981 msap1 kernel: percpu: Embedded 29 pages/cpu s79192 r8192 d31400 u118784
Aug 14 13:53:23.891030 msap1 kernel: pcpu-alloc: s79192 r8192 d31400 u118784 alloc=29*4096
Aug 14 13:53:23.891082 msap1 kernel: pcpu-alloc: [0] 0 [0] 1 [0] 2 [0] 3 
Aug 14 13:53:23.891134 msap1 kernel: Detected VIPT I-cache on CPU0
Aug 14 13:53:23.891183 msap1 kernel: CPU features: detected: ARM erratum 845719
Aug 14 13:53:23.891230 msap1 kernel: alternatives: applying boot alternatives
Aug 14 13:53:23.891278 msap1 kernel: Kernel command line: earlycon console=ttyPS1,115200 init_fatal_sh=1 root=LABEL=root
Aug 14 13:53:23.891334 msap1 kernel: Unknown kernel command line parameters "init_fatal_sh=1", will be passed to user space.
Aug 14 13:53:23.891382 msap1 kernel: printk: log buffer data + meta data: 65536 + 229376 = 294912 bytes
Aug 14 13:53:23.891430 msap1 kernel: Dentry cache hash table entries: 524288 (order: 10, 4194304 bytes, linear)
Aug 14 13:53:23.891477 msap1 kernel: Inode-cache hash table entries: 262144 (order: 9, 2097152 bytes, linear)
Aug 14 13:53:23.891527 msap1 kernel: software IO TLB: area num 4.
Aug 14 13:53:23.891574 msap1 kernel: software IO TLB: mapped [mem 0x0000000047000000-0x000000004b000000] (64MB)
Aug 14 13:53:23.891621 msap1 kernel: Built 1 zonelists, mobility grouping on.  Total pages: 1048320
Aug 14 13:53:23.891669 msap1 kernel: mem auto-init: stack:all(zero), heap alloc:off, heap free:off
Aug 14 13:53:23.891716 msap1 kernel: SLUB: HWalign=64, Order=0-3, MinObjects=0, CPUs=4, Nodes=1
Aug 14 13:53:23.891763 msap1 kernel: rcu: Hierarchical RCU implementation.
Aug 14 13:53:23.891812 msap1 kernel: rcu:         RCU event tracing is enabled.
Aug 14 13:53:23.891861 msap1 kernel: rcu:         RCU restricting CPUs from NR_CPUS=16 to nr_cpu_ids=4.
Aug 14 13:53:23.891909 msap1 kernel:         Tracing variant of Tasks RCU enabled.
Aug 14 13:53:23.891956 msap1 kernel: rcu: RCU calculated value of scheduler-enlistment delay is 25 jiffies.
Aug 14 13:53:23.892004 msap1 kernel: rcu: Adjusting geometry for rcu_fanout_leaf=16, nr_cpu_ids=4
Aug 14 13:53:23.892052 msap1 kernel: RCU Tasks Trace: Setting shift to 2 and lim to 1 rcu_task_cb_adjust=1 rcu_task_cpu_ids=4.
Aug 14 13:53:23.892106 msap1 kernel: NR_IRQS: 64, nr_irqs: 64, preallocated irqs: 0
Aug 14 13:53:23.892154 msap1 kernel: GIC: Adjusting CPU interface base to 0x00000000f902f000
Aug 14 13:53:23.892203 msap1 kernel: Root IRQ handler: gic_handle_irq
Aug 14 13:53:23.892250 msap1 kernel: GIC: Using split EOI/Deactivate mode
Aug 14 13:53:23.892297 msap1 kernel: rcu: srcu_init: Setting srcu_struct sizes based on contention.
Aug 14 13:53:23.892346 msap1 kernel: arch_timer: cp15 timer running at 99.99MHz (phys).
Aug 14 13:53:23.892397 msap1 kernel: clocksource: arch_sys_counter: mask: 0x1ffffffffffffff max_cycles: 0x171015c90f, max_idle_ns: 440795203080 ns
Aug 14 13:53:23.892445 msap1 kernel: sched_clock: 57 bits at 100MHz, resolution 10ns, wraps every 4398046511101ns
Aug 14 13:53:23.892492 msap1 kernel: Console: colour dummy device 80x25
Aug 14 13:53:23.892546 msap1 kernel: Calibrating delay loop (skipped), value calculated using timer frequency.. 199.99 BogoMIPS (lpj=399996)
Aug 14 13:53:23.892595 msap1 kernel: pid_max: default: 32768 minimum: 301
Aug 14 13:53:23.892645 msap1 kernel: Mount-cache hash table entries: 8192 (order: 4, 65536 bytes, linear)
Aug 14 13:53:23.892696 msap1 kernel: Mountpoint-cache hash table entries: 8192 (order: 4, 65536 bytes, linear)
Aug 14 13:53:23.892745 msap1 kernel: rcu: Hierarchical SRCU implementation.
Aug 14 13:53:23.892877 msap1 kernel: rcu:         Max phase no-delay instances is 1000.
Aug 14 13:53:23.892932 msap1 kernel: Timer migration: 1 hierarchy levels; 8 children per group; 1 crossnode level
Aug 14 13:53:23.892981 msap1 kernel: EFI services will not be available.
Aug 14 13:53:23.893031 msap1 kernel: smp: Bringing up secondary CPUs ...
Aug 14 13:53:23.893081 msap1 kernel: Detected VIPT I-cache on CPU1
Aug 14 13:53:23.893130 msap1 kernel: CPU1: Booted secondary processor 0x0000000001 [0x410fd034]
Aug 14 13:53:23.893179 msap1 kernel: Detected VIPT I-cache on CPU2
Aug 14 13:53:23.893229 msap1 kernel: CPU2: Booted secondary processor 0x0000000002 [0x410fd034]
Aug 14 13:53:23.893277 msap1 kernel: Detected VIPT I-cache on CPU3
Aug 14 13:53:23.893327 msap1 kernel: CPU3: Booted secondary processor 0x0000000003 [0x410fd034]
Aug 14 13:53:23.893376 msap1 kernel: smp: Brought up 1 node, 4 CPUs
Aug 14 13:53:23.893425 msap1 kernel: SMP: Total of 4 processors activated.
Aug 14 13:53:23.893482 msap1 kernel: CPU: All CPU(s) started at EL2
Aug 14 13:53:23.893532 msap1 kernel: CPU features: detected: 32-bit EL0 Support
Aug 14 13:53:23.893581 msap1 kernel: CPU features: detected: CRC32 instructions
Aug 14 13:53:23.893630 msap1 kernel: CPU features: detected: PMUv3
Aug 14 13:53:23.893679 msap1 kernel: alternatives: applying system-wide alternatives
Aug 14 13:53:23.893733 msap1 kernel: Memory: 3101212K/4193280K available (17920K kernel code, 2422K rwdata, 5560K rodata, 4608K init, 393K bss, 268536K reserved, 819200K cma-reserved)
Aug 14 13:53:23.893787 msap1 kernel: devtmpfs: initialized
Aug 14 13:53:23.893837 msap1 kernel: clocksource: jiffies: mask: 0xffffffff max_cycles: 0xffffffff, max_idle_ns: 7645041785100000 ns
Aug 14 13:53:23.893888 msap1 kernel: posixtimers hash table entries: 2048 (order: 3, 32768 bytes, linear)
Aug 14 13:53:23.893938 msap1 kernel: futex hash table entries: 1024 (65536 bytes on 1 NUMA nodes, total 64 KiB, linear).
Aug 14 13:53:23.893989 msap1 kernel: 24992 pages in range for non-PLT usage
Aug 14 13:53:23.894045 msap1 kernel: 516512 pages in range for PLT usage
Aug 14 13:53:23.894096 msap1 kernel: pinctrl core: initialized pinctrl subsystem
Aug 14 13:53:23.894146 msap1 kernel: DMI not present or invalid.
Aug 14 13:53:23.894195 msap1 kernel: NET: Registered PF_NETLINK/PF_ROUTE protocol family
Aug 14 13:53:23.894246 msap1 kernel: DMA: preallocated 512 KiB GFP_KERNEL pool for atomic allocations
Aug 14 13:53:23.894296 msap1 kernel: DMA: preallocated 512 KiB GFP_KERNEL|GFP_DMA pool for atomic allocations
Aug 14 13:53:23.894346 msap1 kernel: DMA: preallocated 512 KiB GFP_KERNEL|GFP_DMA32 pool for atomic allocations
Aug 14 13:53:23.894395 msap1 kernel: audit: initializing netlink subsys (disabled)
Aug 14 13:53:23.894446 msap1 kernel: audit: type=2000 audit(0.152:1): state=initialized audit_enabled=0 res=1
Aug 14 13:53:23.894497 msap1 kernel: thermal_sys: Registered thermal governor 'step_wise'
Aug 14 13:53:23.894547 msap1 kernel: hw-breakpoint: found 6 breakpoint and 4 watchpoint registers.
Aug 14 13:53:23.894596 msap1 kernel: ASID allocator initialised with 65536 entries
Aug 14 13:53:23.894654 msap1 kernel: Serial: AMBA PL011 UART driver
Aug 14 13:53:23.894707 msap1 kernel: /axi/display@fd4a0000: Fixed dependency cycle(s) with /dpcon
Aug 14 13:53:23.894759 msap1 kernel: /axi/interrupt-controller@f9010000: Fixed dependency cycle(s) with /axi/interrupt-controller@f9010000
Aug 14 13:53:23.894813 msap1 kernel: /dpcon: Fixed dependency cycle(s) with /axi/display@fd4a0000
Aug 14 13:53:23.894889 msap1 kernel: /axi/display@fd4a0000: Fixed dependency cycle(s) with /dpcon
Aug 14 13:53:23.894940 msap1 kernel: HugeTLB: registered 1.00 GiB page size, pre-allocated 0 pages
Aug 14 13:53:23.894990 msap1 kernel: HugeTLB: 0 KiB vmemmap can be freed for a 1.00 GiB page
Aug 14 13:53:23.895040 msap1 kernel: HugeTLB: registered 32.0 MiB page size, pre-allocated 0 pages
Aug 14 13:53:23.895090 msap1 kernel: HugeTLB: 0 KiB vmemmap can be freed for a 32.0 MiB page
Aug 14 13:53:23.895141 msap1 kernel: HugeTLB: registered 2.00 MiB page size, pre-allocated 0 pages
Aug 14 13:53:23.895191 msap1 kernel: HugeTLB: 0 KiB vmemmap can be freed for a 2.00 MiB page
Aug 14 13:53:23.895243 msap1 kernel: HugeTLB: registered 64.0 KiB page size, pre-allocated 0 pages
Aug 14 13:53:23.895295 msap1 kernel: HugeTLB: 0 KiB vmemmap can be freed for a 64.0 KiB page
Aug 14 13:53:23.895351 msap1 kernel: raid6: neonx8   gen()  2497 MB/s
Aug 14 13:53:23.895401 msap1 kernel: raid6: neonx4   gen()  2471 MB/s
Aug 14 13:53:23.895450 msap1 kernel: raid6: neonx2   gen()  2349 MB/s
Aug 14 13:53:23.895500 msap1 kernel: raid6: neonx1   gen()  1994 MB/s
Aug 14 13:53:23.895549 msap1 kernel: raid6: int64x8  gen()  1572 MB/s
Aug 14 13:53:23.895599 msap1 kernel: raid6: int64x4  gen()  1707 MB/s
Aug 14 13:53:23.895649 msap1 kernel: raid6: int64x2  gen()  1556 MB/s
Aug 14 13:53:23.895698 msap1 kernel: raid6: int64x1  gen()  1148 MB/s
Aug 14 13:53:23.895747 msap1 kernel: raid6: using algorithm neonx8 gen() 2497 MB/s
Aug 14 13:53:23.895797 msap1 kernel: raid6: .... xor() 1833 MB/s, rmw enabled
Aug 14 13:53:23.895853 msap1 kernel: raid6: using neon recovery algorithm
Aug 14 13:53:23.895902 msap1 kernel: iommu: Default domain type: Translated
Aug 14 13:53:23.895958 msap1 kernel: iommu: DMA domain TLB invalidation policy: strict mode
Aug 14 13:53:23.896007 msap1 kernel: SCSI subsystem initialized
Aug 14 13:53:23.896058 msap1 kernel: libata version 3.00 loaded.
Aug 14 13:53:23.896106 msap1 kernel: usbcore: registered new interface driver usbfs
Aug 14 13:53:23.896156 msap1 kernel: usbcore: registered new interface driver hub
Aug 14 13:53:23.896205 msap1 kernel: usbcore: registered new device driver usb
Aug 14 13:53:23.896255 msap1 kernel: mc: Linux media interface: v0.10
Aug 14 13:53:23.896303 msap1 kernel: videodev: Linux video capture interface: v2.00
Aug 14 13:53:23.896353 msap1 kernel: pps_core: LinuxPPS API ver. 1 registered
Aug 14 13:53:23.896402 msap1 kernel: pps_core: Software ver. 5.3.6 - Copyright 2005-2007 Rodolfo Giometti <giometti@linux.it>
Aug 14 13:53:23.896459 msap1 kernel: PTP clock support registered
Aug 14 13:53:23.896508 msap1 kernel: EDAC MC: Ver: 3.0.0
Aug 14 13:53:23.896557 msap1 kernel: scmi_core: SCMI protocol bus registered
Aug 14 13:53:23.896606 msap1 kernel: zynqmp-ipi-mbox mailbox@ff9905c0: Registered ZynqMP IPI mbox with TX/RX channels.
Aug 14 13:53:23.896656 msap1 kernel: zynqmp-ipi-mbox child@ff300000: Registered ZynqMP IPI mbox with TX/RX channels.
Aug 14 13:53:23.896705 msap1 kernel: zynqmp-ipi-mbox child@ff310000: Registered ZynqMP IPI mbox with TX/RX channels.
Aug 14 13:53:23.896755 msap1 kernel: zynqmp-ipi-mbox child@ff320000: Registered ZynqMP IPI mbox with TX/RX channels.
Aug 14 13:53:23.896848 msap1 kernel: zynqmp-ipi-mbox child@ff330000: Registered ZynqMP IPI mbox with TX/RX channels.
Aug 14 13:53:23.896900 msap1 kernel: zynqmp-ipi-mbox child@ff331000: Registered ZynqMP IPI mbox with TX/RX channels.
Aug 14 13:53:23.896950 msap1 kernel: zynqmp-ipi-mbox child@ff332000: Registered ZynqMP IPI mbox with TX/RX channels.
Aug 14 13:53:23.897001 msap1 kernel: zynqmp-ipi-mbox child@ff333000: Registered ZynqMP IPI mbox with TX/RX channels.
Aug 14 13:53:23.897062 msap1 kernel: zynqmp-ipi-mbox child@ff340000: Registered ZynqMP IPI mbox with TX/RX channels.
Aug 14 13:53:23.897113 msap1 kernel: zynqmp-ipi-mbox child@ff300000: Registered ZynqMP IPI mbox with TX/RX channels.
Aug 14 13:53:23.897164 msap1 kernel: zynqmp-ipi-mbox child@ff310000: Registered ZynqMP IPI mbox with TX/RX channels.
Aug 14 13:53:23.897214 msap1 kernel: zynqmp-ipi-mbox child@ff320000: Registered ZynqMP IPI mbox with TX/RX channels.
Aug 14 13:53:23.897263 msap1 kernel: zynqmp-ipi-mbox child@ff330000: Registered ZynqMP IPI mbox with TX/RX channels.
Aug 14 13:53:23.897312 msap1 kernel: zynqmp-ipi-mbox child@ff331000: Registered ZynqMP IPI mbox with TX/RX channels.
Aug 14 13:53:23.897361 msap1 kernel: zynqmp-ipi-mbox child@ff332000: Registered ZynqMP IPI mbox with TX/RX channels.
Aug 14 13:53:23.897410 msap1 kernel: zynqmp-ipi-mbox child@ff333000: Registered ZynqMP IPI mbox with TX/RX channels.
Aug 14 13:53:23.897459 msap1 kernel: zynqmp-ipi-mbox child@ff340000: Registered ZynqMP IPI mbox with TX/RX channels.
Aug 14 13:53:23.897507 msap1 kernel: FPGA manager framework
Aug 14 13:53:23.897556 msap1 kernel: Advanced Linux Sound Architecture Driver Initialized.
Aug 14 13:53:23.897606 msap1 kernel: Bluetooth: Core ver 2.22
Aug 14 13:53:23.897656 msap1 kernel: NET: Registered PF_BLUETOOTH protocol family
Aug 14 13:53:23.897707 msap1 kernel: Bluetooth: HCI device and connection manager initialized
Aug 14 13:53:23.897763 msap1 kernel: Bluetooth: HCI socket layer initialized
Aug 14 13:53:23.897812 msap1 kernel: Bluetooth: L2CAP socket layer initialized
Aug 14 13:53:23.897862 msap1 kernel: Bluetooth: SCO socket layer initialized
Aug 14 13:53:23.897911 msap1 kernel: clocksource: Switched to clocksource arch_sys_counter
Aug 14 13:53:23.897960 msap1 kernel: VFS: Disk quotas dquot_6.6.0
Aug 14 13:53:23.898012 msap1 kernel: VFS: Dquot-cache hash table entries: 512 (order 0, 4096 bytes)
Aug 14 13:53:23.898061 msap1 kernel: NET: Registered PF_INET protocol family
Aug 14 13:53:23.898115 msap1 kernel: IP idents hash table entries: 65536 (order: 7, 524288 bytes, linear)
Aug 14 13:53:23.898165 msap1 kernel: tcp_listen_portaddr_hash hash table entries: 2048 (order: 3, 32768 bytes, linear)
Aug 14 13:53:23.898215 msap1 kernel: Table-perturb hash table entries: 65536 (order: 6, 262144 bytes, linear)
Aug 14 13:53:23.898265 msap1 kernel: TCP established hash table entries: 32768 (order: 6, 262144 bytes, linear)
Aug 14 13:53:23.898319 msap1 kernel: TCP bind hash table entries: 32768 (order: 8, 1048576 bytes, linear)
Aug 14 13:53:23.898369 msap1 kernel: TCP: Hash tables configured (established 32768 bind 32768)
Aug 14 13:53:23.898419 msap1 kernel: UDP hash table entries: 2048 (order: 5, 131072 bytes, linear)
Aug 14 13:53:23.898470 msap1 kernel: UDP-Lite hash table entries: 2048 (order: 5, 131072 bytes, linear)
Aug 14 13:53:23.898519 msap1 kernel: NET: Registered PF_UNIX/PF_LOCAL protocol family
Aug 14 13:53:23.898569 msap1 kernel: RPC: Registered named UNIX socket transport module.
Aug 14 13:53:23.898620 msap1 kernel: RPC: Registered udp transport module.
Aug 14 13:53:23.898671 msap1 kernel: RPC: Registered tcp transport module.
Aug 14 13:53:23.898723 msap1 kernel: RPC: Registered tcp-with-tls transport module.
Aug 14 13:53:23.898775 msap1 kernel: RPC: Registered tcp NFSv4.1 backchannel transport module.
Aug 14 13:53:23.898828 msap1 kernel: PCI: CLS 0 bytes, default 64
Aug 14 13:53:23.898879 msap1 kernel: Trying to unpack rootfs image as initramfs...
Aug 14 13:53:23.898945 msap1 kernel: Initialise system trusted keyrings
Aug 14 13:53:23.899003 msap1 kernel: workingset: timestamp_bits=62 max_order=20 bucket_order=0
Aug 14 13:53:23.899055 msap1 kernel: NFS: Registering the id_resolver key type
Aug 14 13:53:23.899107 msap1 kernel: Key type id_resolver registered
Aug 14 13:53:23.899158 msap1 kernel: Key type id_legacy registered
Aug 14 13:53:23.899213 msap1 kernel: nfs4filelayout_init: NFSv4 File Layout Driver Registering...
Aug 14 13:53:23.899267 msap1 kernel: nfs4flexfilelayout_init: NFSv4 Flexfile Layout Driver Registering...
Aug 14 13:53:23.899320 msap1 kernel: jffs2: version 2.2. (NAND) (SUMMARY)  © 2001-2006 Red Hat, Inc.
Aug 14 13:53:23.899372 msap1 kernel: NET: Registered PF_ALG protocol family
Aug 14 13:53:23.899423 msap1 kernel: xor: measuring software checksum speed
Aug 14 13:53:23.899474 msap1 kernel:    8regs           :  2797 MB/sec
Aug 14 13:53:23.899525 msap1 kernel:    32regs          :  2802 MB/sec
Aug 14 13:53:23.899581 msap1 kernel:    arm64_neon      :  2620 MB/sec
Aug 14 13:53:23.899631 msap1 kernel: xor: using function: 32regs (2802 MB/sec)
Aug 14 13:53:23.899681 msap1 kernel: Key type asymmetric registered
Aug 14 13:53:23.899732 msap1 kernel: Asymmetric key parser 'x509' registered
Aug 14 13:53:23.899783 msap1 kernel: Block layer SCSI generic (bsg) driver version 0.4 loaded (major 240)
Aug 14 13:53:23.899833 msap1 kernel: io scheduler mq-deadline registered
Aug 14 13:53:23.899883 msap1 kernel: io scheduler kyber registered
Aug 14 13:53:23.899933 msap1 kernel: io scheduler bfq registered
Aug 14 13:53:23.899983 msap1 kernel: ledtrig-cpu: registered to indicate activity on CPUs
Aug 14 13:53:23.900032 msap1 kernel: Serial: 8250/16550 driver, 4 ports, IRQ sharing disabled
Aug 14 13:53:23.900083 msap1 kernel: Serial: AMBA driver
Aug 14 13:53:23.900132 msap1 kernel: brd: module loaded
Aug 14 13:53:23.900187 msap1 kernel: loop: module loaded
Aug 14 13:53:23.900237 msap1 kernel: tun: Universal TUN/TAP device driver, 1.6
Aug 14 13:53:23.900290 msap1 kernel: CAN device driver interface
Aug 14 13:53:23.900340 msap1 kernel: usbcore: registered new interface driver asix
Aug 14 13:53:23.900390 msap1 kernel: usbcore: registered new interface driver ax88179_178a
Aug 14 13:53:23.900439 msap1 kernel: usbcore: registered new interface driver cdc_ether
Aug 14 13:53:23.900488 msap1 kernel: usbcore: registered new interface driver net1080
Aug 14 13:53:23.900537 msap1 kernel: usbcore: registered new interface driver cdc_subset
Aug 14 13:53:23.900587 msap1 kernel: usbcore: registered new interface driver zaurus
Aug 14 13:53:23.900636 msap1 kernel: usbcore: registered new interface driver cdc_ncm
Aug 14 13:53:23.900688 msap1 kernel: usbcore: registered new interface driver r8153_ecm
Aug 14 13:53:23.900737 msap1 kernel: VFIO - User Level meta-driver version: 0.3
Aug 14 13:53:23.900793 msap1 kernel: usbcore: registered new interface driver uas
Aug 14 13:53:23.900877 msap1 kernel: usbcore: registered new interface driver usb-storage
Aug 14 13:53:23.900927 msap1 kernel: usbcore: registered new device driver onboard-usb-dev
Aug 14 13:53:23.901605 msap1 kernel: rtc_zynqmp ffa60000.rtc: registered as rtc0
Aug 14 13:53:23.902129 msap1 kernel: rtc_zynqmp ffa60000.rtc: setting system clock to 2026-08-14T13:53:18 UTC (1786715598)
Aug 14 13:53:23.902203 msap1 kernel: i2c_dev: i2c /dev entries driver
Aug 14 13:53:23.902254 msap1 kernel: usbcore: registered new interface driver uvcvideo
Aug 14 13:53:23.902306 msap1 kernel: Driver for 1-wire Dallas network protocol.
Aug 14 13:53:23.902356 msap1 kernel: Bluetooth: HCI UART driver ver 2.3
Aug 14 13:53:23.902406 msap1 kernel: Bluetooth: HCI UART protocol H4 registered
Aug 14 13:53:23.902473 msap1 kernel: Bluetooth: HCI UART protocol BCSP registered
Aug 14 13:53:23.902524 msap1 kernel: Bluetooth: HCI UART protocol LL registered
Aug 14 13:53:23.902576 msap1 kernel: Bluetooth: HCI UART protocol ATH3K registered
Aug 14 13:53:23.902626 msap1 kernel: Bluetooth: HCI UART protocol Three-wire (H5) registered
Aug 14 13:53:23.902676 msap1 kernel: Bluetooth: HCI UART protocol Intel registered
Aug 14 13:53:23.902726 msap1 kernel: Bluetooth: HCI UART protocol QCA registered
Aug 14 13:53:23.902778 msap1 kernel: usbcore: registered new interface driver bcm203x
Aug 14 13:53:23.902829 msap1 kernel: usbcore: registered new interface driver bpa10x
Aug 14 13:53:23.902880 msap1 kernel: usbcore: registered new interface driver bfusb
Aug 14 13:53:23.902929 msap1 kernel: usbcore: registered new interface driver btusb
Aug 14 13:53:23.902984 msap1 kernel: usbcore: registered new interface driver ath3k
Aug 14 13:53:23.903033 msap1 kernel: EDAC MC: ECC not enabled
Aug 14 13:53:23.903095 msap1 kernel: EDAC DEVICE0: Giving out device to module zynqmp-ocm-edac controller zynqmp_ocm: DEV ff960000.memory-controller (INTERRUPT)
Aug 14 13:53:23.903146 msap1 kernel: sdhci: Secure Digital Host Controller Interface driver
Aug 14 13:53:23.903195 msap1 kernel: sdhci: Copyright(c) Pierre Ossman
Aug 14 13:53:23.903245 msap1 kernel: sdhci-pltfm: SDHCI platform and OF driver helper
Aug 14 13:53:23.903296 msap1 kernel: SMCCC: SOC_ID: ID = jep106:0049:0000 Revision = 0x04724093
Aug 14 13:53:23.903345 msap1 kernel: zynqmp_firmware_probe Platform Management API v1.1
Aug 14 13:53:23.903396 msap1 kernel: zynqmp_firmware_probe Trustzone version v1.0
Aug 14 13:53:23.903956 msap1 kernel: securefw securefw: securefw probed
Aug 14 13:53:23.904401 msap1 kernel: zynqmp-aes zynqmp-aes.0: will run requests pump with realtime priority
Aug 14 13:53:23.904905 msap1 kernel: zynqmp-sha3-384 zynqmp-sha3-384.0: will run requests pump with realtime priority
Aug 14 13:53:23.905396 msap1 kernel: xilinx_ecdsa xilinx_ecdsa.0: ECDSA is not supported on the platform
Aug 14 13:53:23.905477 msap1 kernel: usbcore: registered new interface driver usbhid
Aug 14 13:53:23.905530 msap1 kernel: usbhid: USB HID core driver
Aug 14 13:53:23.906044 msap1 kernel: remoteproc remoteproc0: ffe00000.r5f is available
Aug 14 13:53:23.906526 msap1 kernel: remoteproc remoteproc1: ffe90000.r5f is available
Aug 14 13:53:23.906604 msap1 kernel: hw perfevents: enabled with armv8_cortex_a53 PMU driver, 7 (0,8000003f) counters available
Aug 14 13:53:23.906657 msap1 kernel:  cs_system_cfg: CoreSight Configuration manager initialised
Aug 14 13:53:23.907192 msap1 kernel: fpga_manager fpga0: Xilinx ZynqMP FPGA Manager registered
Aug 14 13:53:23.907262 msap1 kernel: usbcore: registered new interface driver snd-usb-audio
Aug 14 13:53:23.907317 msap1 kernel: pktgen: Packet Generator for packet performance testing. Version: 2.75
Aug 14 13:53:23.907367 msap1 kernel: Initializing XFRM netlink socket
Aug 14 13:53:23.907417 msap1 kernel: NET: Registered PF_INET6 protocol family
Aug 14 13:53:23.907466 msap1 kernel: Segment Routing with IPv6
Aug 14 13:53:23.907516 msap1 kernel: In-situ OAM (IOAM) with IPv6
Aug 14 13:53:23.907567 msap1 kernel: sit: IPv6, IPv4 and MPLS over IPv4 tunneling driver
Aug 14 13:53:23.907617 msap1 kernel: NET: Registered PF_PACKET protocol family
Aug 14 13:53:23.907670 msap1 kernel: NET: Registered PF_KEY protocol family
Aug 14 13:53:23.907721 msap1 kernel: can: controller area network core
Aug 14 13:53:23.907781 msap1 kernel: NET: Registered PF_CAN protocol family
Aug 14 13:53:23.907832 msap1 kernel: can: raw protocol
Aug 14 13:53:23.907883 msap1 kernel: can: broadcast manager protocol
Aug 14 13:53:23.907934 msap1 kernel: can: netlink gateway - max_hops=1
Aug 14 13:53:23.907989 msap1 kernel: Bluetooth: RFCOMM TTY layer initialized
Aug 14 13:53:23.908041 msap1 kernel: Bluetooth: RFCOMM socket layer initialized
Aug 14 13:53:23.908096 msap1 kernel: Bluetooth: RFCOMM ver 1.11
Aug 14 13:53:23.908150 msap1 kernel: Bluetooth: BNEP (Ethernet Emulation) ver 1.3
Aug 14 13:53:23.908203 msap1 kernel: Bluetooth: BNEP filters: protocol multicast
Aug 14 13:53:23.908253 msap1 kernel: Bluetooth: BNEP socket layer initialized
Aug 14 13:53:23.908302 msap1 kernel: Bluetooth: HIDP (Human Interface Emulation) ver 1.2
Aug 14 13:53:23.908353 msap1 kernel: Bluetooth: HIDP socket layer initialized
Aug 14 13:53:23.908408 msap1 kernel: 8021q: 802.1Q VLAN Support v1.8
Aug 14 13:53:23.908468 msap1 kernel: 9pnet: Installing 9P2000 support
Aug 14 13:53:23.908517 msap1 kernel: Key type dns_resolver registered
Aug 14 13:53:23.908567 msap1 kernel: registered taskstats version 1
Aug 14 13:53:23.908616 msap1 kernel: Loading compiled-in X.509 certificates
Aug 14 13:53:23.908666 msap1 kernel: Btrfs loaded, zoned=no, fsverity=no
Aug 14 13:53:23.908716 msap1 kernel: ff010000.serial: ttyPS1 at MMIO 0xff010000 (irq = 24, base_baud = 6249999) is a xuartps
Aug 14 13:53:23.908765 msap1 kernel: printk: legacy console [ttyPS1] enabled
Aug 14 13:53:23.908847 msap1 kernel: printk: legacy bootconsole [cdns0] disabled
Aug 14 13:53:23.909427 msap1 kernel: sram ffeb0000.psu_r5_1_btcm_global: error -EBUSY: can't request region for resource [mem 0xffeb0000-0xffebffff]
Aug 14 13:53:23.909893 msap1 kernel: sram ffeb0000.psu_r5_1_btcm_global: could not map SRAM registers
Aug 14 13:53:23.910348 msap1 kernel: sram ffeb0000.psu_r5_1_btcm_global: probe with driver sram failed with error -16
Aug 14 13:53:23.910837 msap1 kernel: sram ffe90000.psu_r5_1_atcm_global: error -EBUSY: can't request region for resource [mem 0xffe90000-0xffe9ffff]
Aug 14 13:53:23.911270 msap1 kernel: sram ffe90000.psu_r5_1_atcm_global: could not map SRAM registers
Aug 14 13:53:23.911703 msap1 kernel: sram ffe90000.psu_r5_1_atcm_global: probe with driver sram failed with error -16
Aug 14 13:53:23.912130 msap1 kernel: of-fpga-region fpga-region: FPGA Region probed
Aug 14 13:53:23.912591 msap1 kernel: xilinx-zynqmp-dpdma fd4c0000.dma-controller: Xilinx DPDMA engine is probed
Aug 14 13:53:23.912658 msap1 kernel: [drm] Initialized zynqmp-dpsub 1.0.0 for fd4a0000.display on minor 0
Aug 14 13:53:23.913137 msap1 kernel: zynqmp-dpsub fd4a0000.display: [drm] Cannot find any crtc or sizes
Aug 14 13:53:23.913595 msap1 kernel: zynqmp-dpsub fd4a0000.display: ZynqMP DisplayPort Subsystem driver probed
Aug 14 13:53:23.914123 msap1 kernel: spi-nor spi0.0: supply vcc not found, using dummy regulator
Aug 14 13:53:23.914676 msap1 kernel: tpm_tis_spi spi2.0: 2.0 TPM (device-id 0x1B, rev-id 22)
Aug 14 13:53:23.914748 msap1 kernel: 17 fixed-partitions partitions found on MTD device spi0.0
Aug 14 13:53:23.914801 msap1 kernel: Creating 17 MTD partitions on "spi0.0":
Aug 14 13:53:23.914852 msap1 kernel: 0x000000000000-0x000000080000 : "Image Selector"
Aug 14 13:53:23.914903 msap1 kernel: 0x000000080000-0x000000100000 : "Image Selector Golden"
Aug 14 13:53:23.914954 msap1 kernel: 0x000000100000-0x000000120000 : "Persistent Register"
Aug 14 13:53:23.915005 msap1 kernel: 0x000000120000-0x000000140000 : "Persistent Register Backup"
Aug 14 13:53:23.915070 msap1 kernel: 0x000000140000-0x000000200000 : "Open_1"
Aug 14 13:53:23.915122 msap1 kernel: 0x000000200000-0x000000f00000 : "Image A (FSBL, PMU, ATF, U-Boot)"
Aug 14 13:53:23.915175 msap1 kernel: 0x000000f00000-0x000000f80000 : "ImgSel Image A Catch"
Aug 14 13:53:23.915231 msap1 kernel: 0x000000f80000-0x000001c80000 : "Image B (FSBL, PMU, ATF, U-Boot)"
Aug 14 13:53:23.915287 msap1 kernel: 0x000001c80000-0x000001d00000 : "ImgSel Image B Catch"
Aug 14 13:53:23.915337 msap1 kernel: 0x000001d00000-0x000001e00000 : "Open_2"
Aug 14 13:53:23.915388 msap1 kernel: 0x000001e00000-0x000002000000 : "Recovery Image"
Aug 14 13:53:23.915439 msap1 kernel: 0x000002000000-0x000002200000 : "Recovery Image Backup"
Aug 14 13:53:23.915490 msap1 kernel: 0x000002200000-0x000002220000 : "U-Boot storage variables"
Aug 14 13:53:23.915541 msap1 kernel: 0x000002220000-0x000002240000 : "U-Boot storage variables backup"
Aug 14 13:53:23.915591 msap1 kernel: 0x000002240000-0x000002280000 : "SHA256"
Aug 14 13:53:23.915641 msap1 kernel: 0x000002280000-0x0000022a0000 : "Secure OS Storage"
Aug 14 13:53:23.915700 msap1 kernel: 0x0000022a0000-0x000004000000 : "User"
Aug 14 13:53:23.916308 msap1 kernel: macb ff0b0000.ethernet (unnamed net_device) (uninitialized): Defer probe as mdio producer ff0c0000.ethernet is not probed
Aug 14 13:53:23.916771 msap1 kernel: zynqmp-dpsub fd4a0000.display: [drm] Cannot find any crtc or sizes
Aug 14 13:53:23.916868 msap1 kernel: Freeing initrd memory: 88940K
Aug 14 13:53:23.917335 msap1 kernel: xilinx-axipmon ffa00000.perf-monitor: Probed Xilinx APM
Aug 14 13:53:23.917791 msap1 kernel: xilinx-axipmon fd0b0000.perf-monitor: Probed Xilinx APM
Aug 14 13:53:23.918268 msap1 kernel: xilinx-axipmon fd490000.perf-monitor: Probed Xilinx APM
Aug 14 13:53:23.918756 msap1 kernel: xilinx-axipmon ffa10000.perf-monitor: Probed Xilinx APM
Aug 14 13:53:23.919298 msap1 kernel: i2c i2c-1: using pinctrl states for GPIO recovery
Aug 14 13:53:23.919735 msap1 kernel: i2c i2c-1: using generic GPIOs for recovery
Aug 14 13:53:23.920210 msap1 kernel: pca954x 1-0074: supply vdd not found, using dummy regulator
Aug 14 13:53:23.920645 msap1 kernel: i2c i2c-1: Added multiplexed i2c bus 3
Aug 14 13:53:23.921241 msap1 kernel: i2c i2c-1: Added multiplexed i2c bus 4
Aug 14 13:53:23.921754 msap1 kernel: i2c i2c-1: Added multiplexed i2c bus 5
Aug 14 13:53:23.922206 msap1 kernel: i2c i2c-1: Added multiplexed i2c bus 6
Aug 14 13:53:23.922701 msap1 kernel: pca954x 1-0074: registered 4 multiplexed busses for I2C switch pca9546
Aug 14 13:53:23.923221 msap1 kernel: ina2xx 1-0040: power monitor ina260 (Rshunt = 2000 uOhm)
Aug 14 13:53:23.923762 msap1 kernel: at24 1-0050: supply vcc not found, using dummy regulator
Aug 14 13:53:23.924273 msap1 kernel: at24 1-0050: 8192 byte 24c64 EEPROM, writable, 1 bytes/write
Aug 14 13:53:23.924912 msap1 kernel: at24 1-0051: supply vcc not found, using dummy regulator
Aug 14 13:53:23.925527 msap1 kernel: at24 1-0051: 8192 byte 24c64 EEPROM, writable, 1 bytes/write
Aug 14 13:53:23.926033 msap1 kernel: cdns-i2c ff030000.i2c: 400 kHz mmio ff030000 irq 50
Aug 14 13:53:23.926497 msap1 kernel: cdns-wdt fd4d0000.watchdog: Xilinx Watchdog Timer with timeout 60s
Aug 14 13:53:23.926991 msap1 kernel: cdns-wdt ff150000.watchdog: Xilinx Watchdog Timer with timeout 10s
Aug 14 13:53:23.927067 msap1 kernel: cpufreq: cpufreq_policy_online: CPU0: Running at unlisted initial frequency: 1333333 kHz, changing to: 1334000 kHz
Aug 14 13:53:23.927598 msap1 kernel: macb ff0b0000.ethernet (unnamed net_device) (uninitialized): Defer probe as mdio producer ff0c0000.ethernet is not probed
Aug 14 13:53:23.928168 msap1 kernel: macb ff0c0000.ethernet eth0: Cadence GEM rev 0x50070106 at 0xff0c0000 irq 47 (00:0a:35:25:8e:70)
Aug 14 13:53:23.928646 msap1 kernel: xhci-hcd xhci-hcd.1.auto: xHCI Host Controller
Aug 14 13:53:23.929228 msap1 kernel: xhci-hcd xhci-hcd.1.auto: new USB bus registered, assigned bus number 1
Aug 14 13:53:23.929662 msap1 kernel: xhci-hcd xhci-hcd.1.auto: hcc params 0x0238f625 hci version 0x100 quirks 0x0000808002000810
Aug 14 13:53:23.930092 msap1 kernel: xhci-hcd xhci-hcd.1.auto: irq 53, io mem 0xfe200000
Aug 14 13:53:23.930527 msap1 kernel: xhci-hcd xhci-hcd.1.auto: xHCI Host Controller
Aug 14 13:53:23.930946 msap1 kernel: xhci-hcd xhci-hcd.1.auto: new USB bus registered, assigned bus number 2
Aug 14 13:53:23.931370 msap1 kernel: xhci-hcd xhci-hcd.1.auto: Host supports USB 3.0 SuperSpeed
Aug 14 13:53:23.931929 msap1 kernel: usb usb1: New USB device found, idVendor=1d6b, idProduct=0002, bcdDevice= 6.18
Aug 14 13:53:23.932459 msap1 kernel: usb usb1: New USB device strings: Mfr=3, Product=2, SerialNumber=1
Aug 14 13:53:23.933012 msap1 kernel: usb usb1: Product: xHCI Host Controller
Aug 14 13:53:23.933549 msap1 kernel: usb usb1: Manufacturer: Linux 6.18.10-xilinx-g4f7afe14f724 xhci-hcd
Aug 14 13:53:23.934053 msap1 kernel: usb usb1: SerialNumber: xhci-hcd.1.auto
Aug 14 13:53:23.934635 msap1 kernel: hub 1-0:1.0: USB hub found
Aug 14 13:53:23.935165 msap1 kernel: hub 1-0:1.0: 1 port detected
Aug 14 13:53:23.935697 msap1 kernel: usb usb2: New USB device found, idVendor=1d6b, idProduct=0003, bcdDevice= 6.18
Aug 14 13:53:23.936200 msap1 kernel: usb usb2: New USB device strings: Mfr=3, Product=2, SerialNumber=1
Aug 14 13:53:23.936736 msap1 kernel: usb usb2: Product: xHCI Host Controller
Aug 14 13:53:23.937503 msap1 kernel: usb usb2: Manufacturer: Linux 6.18.10-xilinx-g4f7afe14f724 xhci-hcd
Aug 14 13:53:23.938046 msap1 kernel: usb usb2: SerialNumber: xhci-hcd.1.auto
Aug 14 13:53:23.938642 msap1 kernel: hub 2-0:1.0: USB hub found
Aug 14 13:53:23.939167 msap1 kernel: hub 2-0:1.0: 1 port detected
Aug 14 13:53:23.939637 msap1 kernel: xhci-hcd xhci-hcd.2.auto: xHCI Host Controller
Aug 14 13:53:23.940059 msap1 kernel: xhci-hcd xhci-hcd.2.auto: new USB bus registered, assigned bus number 3
Aug 14 13:53:23.940472 msap1 kernel: xhci-hcd xhci-hcd.2.auto: hcc params 0x0238f625 hci version 0x100 quirks 0x0000808002000810
Aug 14 13:53:23.940935 msap1 kernel: xhci-hcd xhci-hcd.2.auto: irq 54, io mem 0xfe300000
Aug 14 13:53:23.941352 msap1 kernel: xhci-hcd xhci-hcd.2.auto: xHCI Host Controller
Aug 14 13:53:23.941762 msap1 kernel: xhci-hcd xhci-hcd.2.auto: new USB bus registered, assigned bus number 4
Aug 14 13:53:23.942210 msap1 kernel: xhci-hcd xhci-hcd.2.auto: Host supports USB 3.0 SuperSpeed
Aug 14 13:53:23.942804 msap1 kernel: usb usb3: New USB device found, idVendor=1d6b, idProduct=0002, bcdDevice= 6.18
Aug 14 13:53:23.943330 msap1 kernel: usb usb3: New USB device strings: Mfr=3, Product=2, SerialNumber=1
Aug 14 13:53:23.943816 msap1 kernel: usb usb3: Product: xHCI Host Controller
Aug 14 13:53:23.944304 msap1 kernel: usb usb3: Manufacturer: Linux 6.18.10-xilinx-g4f7afe14f724 xhci-hcd
Aug 14 13:53:23.944781 msap1 kernel: usb usb3: SerialNumber: xhci-hcd.2.auto
Aug 14 13:53:23.945367 msap1 kernel: hub 3-0:1.0: USB hub found
Aug 14 13:53:23.945901 msap1 kernel: hub 3-0:1.0: 1 port detected
Aug 14 13:53:23.946408 msap1 kernel: usb usb4: New USB device found, idVendor=1d6b, idProduct=0003, bcdDevice= 6.18
Aug 14 13:53:23.946913 msap1 kernel: usb usb4: New USB device strings: Mfr=3, Product=2, SerialNumber=1
Aug 14 13:53:23.947388 msap1 kernel: usb usb4: Product: xHCI Host Controller
Aug 14 13:53:23.947865 msap1 kernel: usb usb4: Manufacturer: Linux 6.18.10-xilinx-g4f7afe14f724 xhci-hcd
Aug 14 13:53:23.948339 msap1 kernel: usb usb4: SerialNumber: xhci-hcd.2.auto
Aug 14 13:53:23.948916 msap1 kernel: hub 4-0:1.0: USB hub found
Aug 14 13:53:23.949429 msap1 kernel: hub 4-0:1.0: 1 port detected
Aug 14 13:53:23.950006 msap1 kernel: usb 1-1: new high-speed USB device number 2 using xhci-hcd
Aug 14 13:53:23.950477 msap1 kernel: macb ff0b0000.ethernet eth1: Cadence GEM rev 0x50070106 at 0xff0b0000 irq 46 (00:0a:35:28:b7:f0)
Aug 14 13:53:23.950540 msap1 kernel: input: gpio-keys as /devices/platform/gpio-keys/input/input0
Aug 14 13:53:23.950590 msap1 kernel: of_cfs_init
Aug 14 13:53:23.950639 msap1 kernel: of_cfs_init: OK
Aug 14 13:53:23.950688 msap1 kernel: clk: Disabling unused clocks
Aug 14 13:53:23.950737 msap1 kernel: PM: genpd: Disabling unused power domains
Aug 14 13:53:23.950795 msap1 kernel: ALSA device list:
Aug 14 13:53:23.950845 msap1 kernel:   #0: DisplayPort Monitor
Aug 14 13:53:23.950894 msap1 kernel: Freeing unused kernel memory: 4608K
Aug 14 13:53:23.950944 msap1 kernel: Run /init as init process
Aug 14 13:53:23.950993 msap1 kernel:   with arguments:
Aug 14 13:53:23.951044 msap1 kernel:     /init
Aug 14 13:53:23.951101 msap1 kernel:   with environment:
Aug 14 13:53:23.951155 msap1 kernel:     HOME=/
Aug 14 13:53:23.951204 msap1 kernel:     TERM=linux
Aug 14 13:53:23.951253 msap1 kernel:     init_fatal_sh=1
Aug 14 13:53:23.951314 msap1 systemd[1]: systemd 255.21^ running in system mode (-PAM -AUDIT -SELINUX -APPARMOR +IMA -SMACK +SECCOMP -GCRYPT -GNUTLS -OPENSSL +ACL +BLKID -CURL -ELFUTILS -FIDO2 -IDN2 -IDN -IPTC +KMOD -LIBCRYPTSETUP +LIBFDISK -PCRE2 -PWQUALITY -P11KIT -QRENCODE -TPM2 -BZIP2 -LZ4 -XZ -ZLIB +ZSTD -BPF_FRAMEWORK +XKBCOMMON +UTMP +SYSVINIT default-hierarchy=unified)
Aug 14 13:53:23.951382 msap1 systemd[1]: Detected architecture arm64.
Aug 14 13:53:23.951880 msap1 kernel: usb 1-1: New USB device found, idVendor=0424, idProduct=2744, bcdDevice= 2.21
Aug 14 13:53:23.952374 msap1 kernel: usb 1-1: New USB device strings: Mfr=1, Product=2, SerialNumber=0
Aug 14 13:53:23.952882 msap1 kernel: usb 1-1: Product: USB2744
Aug 14 13:53:23.953373 msap1 kernel: usb 1-1: Manufacturer: Microchip Tech
Aug 14 13:53:23.953437 msap1 systemd[1]: Hostname set to <msap1>.
Aug 14 13:53:23.953493 msap1 systemd[1]: Initializing machine ID from random generator.
Aug 14 13:53:23.954041 msap1 kernel: usb 3-1: new high-speed USB device number 2 using xhci-hcd
Aug 14 13:53:23.954602 msap1 kernel: hub 1-1:1.0: USB hub found
Aug 14 13:53:23.955140 msap1 kernel: hub 1-1:1.0: 4 ports detected
Aug 14 13:53:23.955695 msap1 kernel: usb 2-1: new SuperSpeed USB device number 2 using xhci-hcd
Aug 14 13:53:23.956199 msap1 kernel: usb 2-1: New USB device found, idVendor=0424, idProduct=5744, bcdDevice= 2.21
Aug 14 13:53:23.956693 msap1 kernel: usb 2-1: New USB device strings: Mfr=2, Product=3, SerialNumber=0
Aug 14 13:53:23.957198 msap1 kernel: usb 2-1: Product: USB5744
Aug 14 13:53:23.957693 msap1 kernel: usb 2-1: Manufacturer: Microchip Tech
Aug 14 13:53:23.958194 msap1 kernel: usb 3-1: New USB device found, idVendor=0424, idProduct=2744, bcdDevice= 2.21
Aug 14 13:53:23.958698 msap1 kernel: usb 3-1: New USB device strings: Mfr=1, Product=2, SerialNumber=0
Aug 14 13:53:23.959188 msap1 kernel: usb 3-1: Product: USB2744
Aug 14 13:53:23.959679 msap1 kernel: usb 3-1: Manufacturer: Microchip Tech
Aug 14 13:53:23.960228 msap1 kernel: hub 2-1:1.0: USB hub found
Aug 14 13:53:23.960759 msap1 kernel: hub 2-1:1.0: 3 ports detected
Aug 14 13:53:23.961353 msap1 kernel: hub 3-1:1.0: USB hub found
Aug 14 13:53:23.961895 msap1 kernel: hub 3-1:1.0: 3 ports detected
Aug 14 13:53:23.962463 msap1 kernel: usb 4-1: new SuperSpeed USB device number 2 using xhci-hcd
Aug 14 13:53:23.962535 msap1 systemd[1]: Queued start job for default target Multi-User System.
Aug 14 13:53:23.963037 msap1 kernel: usb 4-1: New USB device found, idVendor=0424, idProduct=5744, bcdDevice= 2.21
Aug 14 13:53:23.963105 msap1 systemd[1]: Created slice Slice /system/getty.
Aug 14 13:53:23.963593 msap1 kernel: usb 4-1: New USB device strings: Mfr=2, Product=3, SerialNumber=0
Aug 14 13:53:23.964084 msap1 kernel: usb 4-1: Product: USB5744
Aug 14 13:53:23.964574 msap1 kernel: usb 4-1: Manufacturer: Microchip Tech
Aug 14 13:53:23.964638 msap1 systemd[1]: Created slice Slice /system/modprobe.
Aug 14 13:53:23.964694 msap1 systemd[1]: Created slice Slice /system/serial-getty.
Aug 14 13:53:23.964750 msap1 systemd[1]: Created slice Slice /system/systemd-fsck.
Aug 14 13:53:23.965298 msap1 kernel: hub 4-1:1.0: USB hub found
Aug 14 13:53:23.965846 msap1 kernel: usb 1-1.1: new high-speed USB device number 3 using xhci-hcd
Aug 14 13:53:23.966392 msap1 kernel: hub 4-1:1.0: 2 ports detected
Aug 14 13:53:23.966457 msap1 systemd[1]: Created slice User and Session Slice.
Aug 14 13:53:23.966514 msap1 systemd[1]: Started Dispatch Password Requests to Console Directory Watch.
Aug 14 13:53:23.966569 msap1 systemd[1]: Started Forward Password Requests to Wall Directory Watch.
Aug 14 13:53:23.966624 msap1 systemd[1]: Expecting device /dev/sda1...
Aug 14 13:53:23.966678 msap1 systemd[1]: Reached target Path Units.
Aug 14 13:53:23.966736 msap1 systemd[1]: Reached target Remote File Systems.
Aug 14 13:53:23.967216 msap1 kernel: usb 1-1.1: New USB device found, idVendor=0424, idProduct=2240, bcdDevice= 1.98
Aug 14 13:53:23.967715 msap1 kernel: usb 1-1.1: New USB device strings: Mfr=1, Product=2, SerialNumber=3
Aug 14 13:53:23.968200 msap1 kernel: usb 1-1.1: Product: Ultra Fast Media 
Aug 14 13:53:23.968266 msap1 systemd[1]: Reached target Slice Units.
Aug 14 13:53:23.968733 msap1 kernel: usb 1-1.1: Manufacturer: Generic
Aug 14 13:53:23.969224 msap1 kernel: usb 1-1.1: SerialNumber: 000000225001
Aug 14 13:53:23.969761 msap1 kernel: usb-storage 1-1.1:1.0: USB Mass Storage device detected
Aug 14 13:53:23.970273 msap1 kernel: scsi host0: usb-storage 1-1.1:1.0
Aug 14 13:53:23.970832 msap1 kernel: usb 3-1.3: new high-speed USB device number 3 using xhci-hcd
Aug 14 13:53:23.970902 msap1 systemd[1]: Reached target Swaps.
Aug 14 13:53:23.970959 msap1 systemd[1]: Listening on RPCbind Server Activation Socket.
Aug 14 13:53:23.971022 msap1 systemd[1]: Reached target RPC Port Mapper.
Aug 14 13:53:23.971077 msap1 systemd[1]: Listening on Syslog Socket.
Aug 14 13:53:23.971131 msap1 systemd[1]: Listening on initctl Compatibility Named Pipe.
Aug 14 13:53:23.971664 msap1 kernel: usb 1-1.4: new high-speed USB device number 4 using xhci-hcd
Aug 14 13:53:23.971735 msap1 systemd[1]: Listening on Journal Audit Socket.
Aug 14 13:53:23.972217 msap1 kernel: usb 3-1.3: New USB device found, idVendor=0424, idProduct=2740, bcdDevice= 2.00
Aug 14 13:53:23.972697 msap1 kernel: usb 3-1.3: New USB device strings: Mfr=1, Product=2, SerialNumber=0
Aug 14 13:53:23.973228 msap1 kernel: usb 3-1.3: Product: Hub Controller
Aug 14 13:53:23.973711 msap1 kernel: usb 3-1.3: Manufacturer: Microchip Tech
Aug 14 13:53:23.973776 msap1 systemd[1]: Listening on Journal Socket (/dev/log).
Aug 14 13:53:23.973840 msap1 systemd[1]: Listening on Journal Socket.
Aug 14 13:53:23.973895 msap1 systemd[1]: Listening on Network Service Netlink Socket.
Aug 14 13:53:23.973950 msap1 systemd[1]: Listening on udev Control Socket.
Aug 14 13:53:23.974427 msap1 kernel: usb 1-1.4: New USB device found, idVendor=0424, idProduct=2740, bcdDevice= 2.00
Aug 14 13:53:23.974911 msap1 kernel: usb 1-1.4: New USB device strings: Mfr=1, Product=2, SerialNumber=0
Aug 14 13:53:23.975391 msap1 kernel: usb 1-1.4: Product: Hub Controller
Aug 14 13:53:23.975872 msap1 kernel: usb 1-1.4: Manufacturer: Microchip Tech
Aug 14 13:53:23.975937 msap1 systemd[1]: Listening on udev Kernel Socket.
Aug 14 13:53:23.975993 msap1 systemd[1]: Listening on User Database Manager Socket.
Aug 14 13:53:23.976048 msap1 systemd[1]: Mounting Huge Pages File System...
Aug 14 13:53:23.976101 msap1 systemd[1]: Mounting POSIX Message Queue File System...
Aug 14 13:53:23.976162 msap1 systemd[1]: Mounting Kernel Debug File System...
Aug 14 13:53:23.976217 msap1 systemd[1]: Mounting Kernel Trace File System...
Aug 14 13:53:23.976271 msap1 systemd[1]: Mounting Temporary Directory /tmp...
Aug 14 13:53:23.976326 msap1 systemd[1]: Create List of Static Device Nodes was skipped because of an unmet condition check (ConditionFileNotEmpty=/lib/modules/6.18.10-xilinx-g4f7afe14f724/modules.devname).
Aug 14 13:53:23.976381 msap1 systemd[1]: Starting Load Kernel Module configfs...
Aug 14 13:53:23.976436 msap1 systemd[1]: Starting Load Kernel Module drm...
Aug 14 13:53:23.976490 msap1 systemd[1]: Starting Load Kernel Module fuse...
Aug 14 13:53:23.976542 msap1 systemd[1]: Starting RPC Bind...
Aug 14 13:53:23.976599 msap1 systemd[1]: File System Check on Root Device was skipped because of an unmet condition check (ConditionPathIsReadWrite=!/).
Aug 14 13:53:23.976654 msap1 systemd[1]: systemd-journald.service: unit configures an IP firewall, but the local system does not support BPF/cgroup firewalling.
Aug 14 13:53:23.976720 msap1 systemd[1]: systemd-journald.service: (This warning is only shown for the first unit using IP firewalling.)
Aug 14 13:53:23.976774 msap1 systemd[1]: Starting Journal Service...
Aug 14 13:53:23.976837 msap1 systemd[1]: Starting Load Kernel Modules...
Aug 14 13:53:23.976892 msap1 systemd[1]: Starting Generate network units from Kernel command line...
Aug 14 13:53:23.976944 msap1 kernel: msap1_dma: loading out-of-tree module taints kernel.
Aug 14 13:53:23.976996 msap1 systemd[1]: Starting Remount Root and Kernel File Systems...
Aug 14 13:53:23.977122 msap1 systemd-journald[128]: Collecting audit messages is enabled.
Aug 14 13:53:23.977245 msap1 systemd[1]: Starting Create Static Device Nodes in /dev gracefully...
Aug 14 13:53:23.977301 msap1 systemd[1]: Starting Coldplug All udev Devices...
Aug 14 13:53:23.977355 msap1 systemd[1]: Started RPC Bind.
Aug 14 13:53:23.977408 msap1 systemd[1]: Mounted Huge Pages File System.
Aug 14 13:53:23.977462 msap1 systemd[1]: Mounted POSIX Message Queue File System.
Aug 14 13:53:23.977515 msap1 systemd-journald[128]: Journal started
Aug 14 13:53:23.977619 msap1 systemd-journald[128]: Runtime Journal (/run/log/journal/f31e56f2cc5541e7a935f28c66656a79) is 8.0M, max 64.0M, 56.0M free.
Aug 14 13:53:23.855807 msap1 systemd-modules-load[129]: Inserted module 'msap1_dma'
Aug 14 13:53:23.988827 msap1 systemd[1]: Started Journal Service.
Aug 14 13:53:23.994584 msap1 systemd[1]: Mounted Kernel Debug File System.
Aug 14 13:53:24.005223 msap1 systemd[1]: Mounted Kernel Trace File System.
Aug 14 13:53:24.017227 msap1 systemd[1]: Mounted Temporary Directory /tmp.
Aug 14 13:53:24.029608 msap1 systemd[1]: modprobe@configfs.service: Deactivated successfully.
Aug 14 13:53:24.029975 msap1 systemd[1]: Finished Load Kernel Module configfs.
Aug 14 13:53:24.041622 msap1 systemd[1]: modprobe@drm.service: Deactivated successfully.
Aug 14 13:53:24.041968 msap1 systemd[1]: Finished Load Kernel Module drm.
Aug 14 13:53:24.053594 msap1 systemd[1]: modprobe@fuse.service: Deactivated successfully.
Aug 14 13:53:24.053952 msap1 systemd[1]: Finished Load Kernel Module fuse.
Aug 14 13:53:24.065548 msap1 systemd[1]: Finished Load Kernel Modules.
Aug 14 13:53:24.073547 msap1 systemd[1]: Finished Generate network units from Kernel command line.
Aug 14 13:53:24.085486 msap1 systemd[1]: Finished Remount Root and Kernel File Systems.
Aug 14 13:53:24.097530 msap1 systemd[1]: Finished Create Static Device Nodes in /dev gracefully.
Aug 14 13:53:24.118316 msap1 systemd[1]: Reached target Preparation for Network.
Aug 14 13:53:24.129373 msap1 systemd[1]: FUSE Control File System was skipped because of an unmet condition check (ConditionPathExists=/sys/fs/fuse/connections).
Aug 14 13:53:24.157043 msap1 systemd[1]: Mounting Kernel Configuration File System...
Aug 14 13:53:24.169227 msap1 systemd[1]: Rebuild Hardware Database was skipped because no trigger condition checks were met.
Aug 14 13:53:24.171342 msap1 systemd[1]: Starting Flush Journal to Persistent Storage...
Aug 14 13:53:24.187232 msap1 systemd[1]: Starting Apply Kernel Variables...
Aug 14 13:53:24.197483 msap1 systemd[1]: Starting Create System Users...
Aug 14 13:53:24.199703 msap1 systemd-journald[128]: Runtime Journal (/run/log/journal/f31e56f2cc5541e7a935f28c66656a79) is 8.0M, max 64.0M, 56.0M free.
Aug 14 13:53:24.212834 msap1 systemd-journald[128]: Received client request to flush runtime journal.
Aug 14 13:53:24.214845 msap1 systemd[1]: Mounted Kernel Configuration File System.
Aug 14 13:53:24.233596 msap1 systemd[1]: Finished Flush Journal to Persistent Storage.
Aug 14 13:53:24.256598 msap1 systemd[1]: Starting User Database Manager...
Aug 14 13:53:24.269928 msap1 systemd[1]: Finished Apply Kernel Variables.
Aug 14 13:53:24.315742 msap1 (-userdbd)[160]: systemd-userdbd.service: ProtectHostname=yes is configured, but the kernel does not support UTS namespaces, ignoring namespace setup.
Aug 14 13:53:24.360845 msap1 kernel: scsi 0:0:0:0: Direct-Access     Generic  Ultra HS-COMBO   1.98 PQ: 0 ANSI: 0
Aug 14 13:53:24.365640 msap1 kernel: sd 0:0:0:0: [sda] 62333952 512-byte logical blocks: (31.9 GB/29.7 GiB)
Aug 14 13:53:24.364581 msap1 systemd[1]: Started User Database Manager.
Aug 14 13:53:24.380277 msap1 kernel: sd 0:0:0:0: [sda] Write Protect is off
Aug 14 13:53:24.381108 msap1 kernel: sd 0:0:0:0: [sda] Mode Sense: 23 00 00 00
Aug 14 13:53:24.393846 msap1 kernel: sd 0:0:0:0: [sda] No Caching mode page found
Aug 14 13:53:24.394702 msap1 kernel: sd 0:0:0:0: [sda] Assuming drive cache: write through
Aug 14 13:53:24.386729 msap1 systemd[1]: Finished Create System Users.
Aug 14 13:53:24.429270 msap1 systemd[1]: Starting Create Static Device Nodes in /dev...
Aug 14 13:53:24.452355 msap1 systemd[1]: Finished Create Static Device Nodes in /dev.
Aug 14 13:53:24.469465 msap1 systemd[1]: Reached target Preparation for Local File Systems.
Aug 14 13:53:24.485332 msap1 kernel:  sda: sda1
Aug 14 13:53:24.485462 msap1 kernel: sd 0:0:0:0: [sda] Attached SCSI removable disk
Aug 14 13:53:24.498990 msap1 systemd[1]: Mounting /var/volatile...
Aug 14 13:53:24.511924 msap1 systemd[1]: Starting Rule-based Manager for Device Events and Files...
Aug 14 13:53:24.526739 msap1 systemd[1]: Mounted /var/volatile.
Aug 14 13:53:24.533905 msap1 systemd[1]: Bind mount volatile /var/cache was skipped because of an unmet condition check (ConditionPathIsReadWrite=!/var/cache).
Aug 14 13:53:24.534037 msap1 systemd[1]: Bind mount volatile /var/lib was skipped because of an unmet condition check (ConditionPathIsReadWrite=!/var/lib).
Aug 14 13:53:24.536935 msap1 systemd[1]: Starting Load/Save OS Random Seed...
Aug 14 13:53:24.544378 msap1 (md-udevd)[170]: systemd-udevd.service: ProtectHostname=yes is configured, but the kernel does not support UTS namespaces, ignoring namespace setup.
Aug 14 13:53:24.545509 msap1 systemd[1]: Bind mount volatile /var/spool was skipped because of an unmet condition check (ConditionPathIsReadWrite=!/var/spool).
Aug 14 13:53:24.545632 msap1 systemd[1]: Bind mount volatile /srv was skipped because of an unmet condition check (ConditionPathIsReadWrite=!/srv).
Aug 14 13:53:24.561882 msap1 systemd-random-seed[172]: Kernel entropy pool is not initialized yet, waiting until it is.
Aug 14 13:53:24.596521 msap1 systemd-udevd[170]: Using default interface naming scheme 'v255'.
Aug 14 13:53:24.615382 msap1 systemd[1]: Started Rule-based Manager for Device Events and Files.
Aug 14 13:53:24.641346 msap1 systemd[1]: Starting Network Configuration...
Aug 14 13:53:24.778582 msap1 systemd-networkd[177]: lo: Link UP
Aug 14 13:53:24.779398 msap1 systemd-networkd[177]: lo: Gained carrier
Aug 14 13:53:24.782848 msap1 systemd-networkd[177]: Enumeration completed
Aug 14 13:53:24.814811 msap1 systemd[1]: Started Network Configuration.
Aug 14 13:53:24.942672 msap1 systemd[1]: Finished Coldplug All udev Devices.
Aug 14 13:53:24.966129 msap1 kernel: macb ff0b0000.ethernet end0: renamed from eth1
Aug 14 13:53:24.981059 msap1 systemd-networkd[177]: eth1: Interface name change detected, renamed to end0.
Aug 14 13:53:24.988878 msap1 kernel: macb ff0c0000.ethernet end1: renamed from eth0
Aug 14 13:53:24.993413 msap1 systemd-networkd[177]: eth0: Interface name change detected, renamed to end1.
Aug 14 13:53:25.063493 msap1 systemd[1]: Found device Ultra_HS-COMBO data.
Aug 14 13:53:25.427672 msap1 kernel: random: crng init done
Aug 14 13:53:25.432403 msap1 systemd[1]: Finished Load/Save OS Random Seed.
Aug 14 13:53:25.693042 msap1 systemd-networkd[177]: end0: Configuring with /usr/lib/systemd/network/80-wired.network.
Aug 14 13:53:25.718987 msap1 kernel: macb ff0b0000.ethernet end0: PHY [ff0c0000.ethernet-ffffffff:04] driver [TI DP83867] (irq=POLL)
Aug 14 13:53:25.719746 msap1 kernel: macb ff0b0000.ethernet end0: configuring for phy/sgmii link mode
Aug 14 13:53:25.720271 msap1 kernel: macb ff0b0000.ethernet: gem-ptp-timer ptp clock registered.
Aug 14 13:53:25.728405 msap1 systemd-networkd[177]: end0: Link UP
Aug 14 13:53:25.729088 msap1 systemd-networkd[177]: end1: Configuring with /usr/lib/systemd/network/80-wired.network.
Aug 14 13:53:25.749997 msap1 kernel: macb ff0c0000.ethernet end1: PHY [ff0c0000.ethernet-ffffffff:08] driver [TI DP83867] (irq=POLL)
Aug 14 13:53:25.750765 msap1 kernel: macb ff0c0000.ethernet end1: configuring for phy/rgmii-id link mode
Aug 14 13:53:25.751288 msap1 kernel: macb ff0c0000.ethernet: gem-ptp-timer ptp clock registered.
Aug 14 13:53:25.758428 msap1 systemd-networkd[177]: end1: Link UP
Aug 14 13:53:26.525050 msap1 systemd[1]: First Boot Complete was skipped because of an unmet condition check (ConditionFirstBoot=yes).
Aug 14 13:53:26.525124 msap1 systemd[1]: Reached target Sound Card.
Aug 14 13:53:26.533096 msap1 systemd[1]: Listening on Load/Save RF Kill Switch Status /dev/rfkill Watch.
Aug 14 13:53:26.573261 msap1 systemd[1]: Starting File System Check on /dev/sda1...
Aug 14 13:53:26.587018 msap1 systemd[1]: Starting Virtual Console Setup...
Aug 14 13:53:26.646149 msap1 systemd[1]: Finished Virtual Console Setup.
Aug 14 13:53:26.696733 msap1 systemd-fsck[231]: data: recovering journal
Aug 14 13:53:27.053102 msap1 systemd-fsck[231]: data primary superblock features different from backup, check forced.
Aug 14 13:53:27.523357 msap1 systemd-fsck[231]: data: Feature orphan_present is set but orphan file is clean.
Aug 14 13:53:27.523357 msap1 systemd-fsck[231]: CLEARED.
Aug 14 13:53:27.533540 msap1 systemd-fsck[231]: data: 31/1949696 files (16.1% non-contiguous), 554587/7790720 blocks
Aug 14 13:53:27.547850 msap1 systemd[1]: Finished File System Check on /dev/sda1.
Aug 14 13:53:27.585053 msap1 systemd[1]: Mounting Mount the MSAP1 persistent-data SD card...
Aug 14 13:53:27.848828 msap1 kernel: EXT4-fs (sda1): mounted filesystem 25cd7e2b-468e-4274-aa61-f9f21428438f r/w with ordered data mode. Quota mode: none.
Aug 14 13:53:27.851223 msap1 systemd[1]: Mounted Mount the MSAP1 persistent-data SD card.
Aug 14 13:53:27.869925 msap1 systemd[1]: Reached target Local File Systems.
Aug 14 13:53:27.897244 msap1 systemd[1]: Starting Rebuild Dynamic Linker Cache...
Aug 14 13:53:27.909150 msap1 systemd[1]: Commit a transient machine-id on disk was skipped because of an unmet condition check (ConditionPathIsMountPoint=/etc/machine-id).
Aug 14 13:53:27.911323 msap1 systemd[1]: Starting Create System Files and Directories...
Aug 14 13:53:27.926167 msap1 systemd[1]: Finished Rebuild Dynamic Linker Cache.
Aug 14 13:53:27.943161 msap1 systemd-tmpfiles[243]: /usr/lib/tmpfiles.d/legacy.conf:13: Duplicate line for path "/run/lock", ignoring.
Aug 14 13:53:27.948735 msap1 systemd-tmpfiles[243]: /usr/lib/tmpfiles.d/tmp.conf:12: Duplicate line for path "/var/tmp", ignoring.
Aug 14 13:53:27.949014 msap1 systemd-tmpfiles[243]: /usr/lib/tmpfiles.d/var.conf:14: Duplicate line for path "/var/log", ignoring.
Aug 14 13:53:27.982252 msap1 systemd[1]: Finished Create System Files and Directories.
Aug 14 13:53:28.013256 msap1 systemd[1]: Starting Rebuild Journal Catalog...
Aug 14 13:53:28.024029 msap1 systemd[1]: Starting Network Name Resolution...
Aug 14 13:53:28.039973 msap1 systemd[1]: Starting Network Time Synchronization...
Aug 14 13:53:28.055102 msap1 systemd[1]: Starting Record System Boot/Shutdown in UTMP...
Aug 14 13:53:28.070140 msap1 systemd[1]: Finished Rebuild Journal Catalog.
Aug 14 13:53:28.096047 msap1 systemd[1]: Starting Update is Completed...
Aug 14 13:53:28.109976 msap1 systemd[1]: Finished Record System Boot/Shutdown in UTMP.
Aug 14 13:53:28.125971 msap1 systemd[1]: Finished Update is Completed.
Aug 14 13:53:28.169438 msap1 (imesyncd)[249]: systemd-timesyncd.service: ProtectHostname=yes is configured, but the kernel does not support UTS namespaces, ignoring namespace setup.
Aug 14 13:53:28.210548 msap1 systemd-resolved[248]: Positive Trust Anchors:
Aug 14 13:53:28.210598 msap1 systemd-resolved[248]: . IN DS 20326 8 2 e06d44b80b8f1d39a95c0b0d7c65d08458e880409bbc683457104237c7f8ec8d
Aug 14 13:53:28.210616 msap1 systemd-resolved[248]: . IN DS 38696 8 2 683d2d0acb8c9b712a1948b27f741219298d0a450d612c483af444a4c0fb2b16
Aug 14 13:53:28.210801 msap1 systemd-resolved[248]: Negative trust anchors: home.arpa 10.in-addr.arpa 16.172.in-addr.arpa 17.172.in-addr.arpa 18.172.in-addr.arpa 19.172.in-addr.arpa 20.172.in-addr.arpa 21.172.in-addr.arpa 22.172.in-addr.arpa 23.172.in-addr.arpa 24.172.in-addr.arpa 25.172.in-addr.arpa 26.172.in-addr.arpa 27.172.in-addr.arpa 28.172.in-addr.arpa 29.172.in-addr.arpa 30.172.in-addr.arpa 31.172.in-addr.arpa 170.0.0.192.in-addr.arpa 171.0.0.192.in-addr.arpa 168.192.in-addr.arpa d.f.ip6.arpa ipv4only.arpa resolver.arpa corp home internal intranet lan local private test
Aug 14 13:53:28.212088 msap1 systemd-resolved[248]: Using system hostname 'msap1'.
Aug 14 13:53:28.217365 msap1 systemd[1]: Started Network Name Resolution.
Aug 14 13:53:28.233260 msap1 systemd[1]: Started Network Time Synchronization.
Aug 14 13:53:28.245039 msap1 systemd[1]: Reached target Network.
Aug 14 13:53:28.252915 msap1 systemd[1]: Reached target Host and Network Name Lookups.
Aug 14 13:53:28.268927 msap1 systemd[1]: Reached target System Initialization.
Aug 14 13:53:28.281028 msap1 systemd[1]: Started Daily Cleanup of Temporary Directories.
Aug 14 13:53:28.296913 msap1 systemd[1]: Reached target System Time Set.
Aug 14 13:53:28.308916 msap1 systemd[1]: Reached target Timer Units.
Aug 14 13:53:28.317285 msap1 systemd[1]: Listening on Avahi mDNS/DNS-SD Stack Activation Socket.
Aug 14 13:53:28.333244 msap1 systemd[1]: Listening on D-Bus System Message Bus Socket.
Aug 14 13:53:28.365092 msap1 systemd[1]: Starting sshd.socket...
Aug 14 13:53:28.379963 msap1 systemd[1]: Listening on sshd.socket.
Aug 14 13:53:28.390681 msap1 systemd[1]: Reached target Socket Units.
Aug 14 13:53:28.397000 msap1 systemd[1]: Reached target Basic System.
Aug 14 13:53:28.407539 msap1 systemd[1]: Starting Avahi mDNS/DNS-SD Stack...
Aug 14 13:53:28.423134 msap1 systemd[1]: Started Kernel Logging Service.
Aug 14 13:53:28.430163 msap1 avahi-daemon[258]: Found user 'avahi' (UID 998) and group 'avahi' (GID 997).
Aug 14 13:53:28.439375 msap1 systemd[1]: Started System Logging Service.
Aug 14 13:53:28.441808 msap1 kernel[259]: klogd started: BusyBox v1.36.1 ()
Aug 14 13:53:28.441975 msap1 kernel[259]: [    0.000000] Booting Linux on physical CPU 0x0000000000 [0x410fd034]
Aug 14 13:53:28.441985 msap1 kernel[259]: [    0.000000] Linux version 6.18.10-xilinx-g4f7afe14f724 (oe-user@oe-host) (aarch64-mnc-linux-gcc (GCC) 13.4.0, GNU ld (GNU Binutils) 2.42.0.20240723) #1 SMP Tue May 26 15:23:35 UTC 2026
Aug 14 13:53:28.441992 msap1 kernel[259]: [    0.000000] KASLR disabled due to lack of seed
Aug 14 13:53:28.442000 msap1 kernel[259]: [    0.000000] Machine model: ZynqMP KR260 revB
Aug 14 13:53:28.442008 msap1 kernel[259]: [    0.000000] earlycon: cdns0 at MMIO 0x00000000ff010000 (options '115200n8')
Aug 14 13:53:28.442015 msap1 kernel[259]: [    0.000000] printk: legacy bootconsole [cdns0] enabled
Aug 14 13:53:28.442022 msap1 kernel[259]: [    0.000000] efi: UEFI not found.
Aug 14 13:53:28.442029 msap1 kernel[259]: [    0.000000] OF: reserved mem: 0x000000007ff00000..0x000000007fffffff (1024 KiB) nomap non-reusable pmu@7ff00000
Aug 14 13:53:28.442037 msap1 kernel[259]: [    0.000000] Reserved memory: created CMA memory pool at 0x000000004b000000, size 800 MiB
Aug 14 13:53:28.442044 msap1 kernel[259]: [    0.000000] OF: reserved mem: initialized node cma_reserved@4B000000, compatible id shared-dma-pool
Aug 14 13:53:28.442051 msap1 kernel[259]: [    0.000000] OF: reserved mem: 0x000000004b000000..0x000000007cffffff (819200 KiB) map reusable cma_reserved@4B000000
Aug 14 13:53:28.442079 msap1 kernel[259]: [    0.000000] OF: reserved mem: 0x0000000009800000..0x000000000985ffff (384 KiB) nomap non-reusable rproc0@9800000
Aug 14 13:53:28.442086 msap1 kernel[259]: [    0.000000] OF: reserved mem: 0x0000000009860000..0x0000000009863fff (16 KiB) nomap non-reusable vdev0vring0@9860000
Aug 14 13:53:28.442093 msap1 kernel[259]: [    0.000000] OF: reserved mem: 0x0000000009864000..0x0000000009867fff (16 KiB) nomap non-reusable vdev0vring1@9864000
Aug 14 13:53:28.442101 msap1 kernel[259]: [    0.000000] Reserved memory: created DMA memory pool at 0x0000000009868000, size 0 MiB
Aug 14 13:53:28.442108 msap1 kernel[259]: [    0.000000] OF: reserved mem: initialized node vdev0buffer@9868000, compatible id shared-dma-pool
Aug 14 13:53:28.442115 msap1 kernel[259]: [    0.000000] OF: reserved mem: 0x0000000009868000..0x00000000098a7fff (256 KiB) nomap non-reusable vdev0buffer@9868000
Aug 14 13:53:28.442123 msap1 kernel[259]: [    0.000000] OF: reserved mem: 0x0000000009e00000..0x0000000009e5ffff (384 KiB) nomap non-reusable rproc1@9e00000
Aug 14 13:53:28.442130 msap1 kernel[259]: [    0.000000] OF: reserved mem: 0x0000000009e60000..0x0000000009e63fff (16 KiB) nomap non-reusable vdev0vring0@9e60000
Aug 14 13:53:28.442165 msap1 kernel[259]: [    0.000000] OF: reserved mem: 0x0000000009e64000..0x0000000009e67fff (16 KiB) nomap non-reusable vdev0vring1@9e64000
Aug 14 13:53:28.442172 msap1 kernel[259]: [    0.000000] Reserved memory: created DMA memory pool at 0x0000000009e68000, size 0 MiB
Aug 14 13:53:28.442179 msap1 kernel[259]: [    0.000000] OF: reserved mem: initialized node vdev0buffer@9e68000, compatible id shared-dma-pool
Aug 14 13:53:28.442186 msap1 kernel[259]: [    0.000000] OF: reserved mem: 0x0000000009e68000..0x0000000009ea7fff (256 KiB) nomap non-reusable vdev0buffer@9e68000
Aug 14 13:53:28.442194 msap1 kernel[259]: [    0.000000] Zone ranges:
Aug 14 13:53:28.442201 msap1 kernel[259]: [    0.000000]   DMA      [mem 0x0000000000000000-0x00000000ffffffff]
Aug 14 13:53:28.442208 msap1 kernel[259]: [    0.000000]   DMA32    empty
Aug 14 13:53:28.442215 msap1 kernel[259]: [    0.000000]   Normal   [mem 0x0000000100000000-0x000000087fffffff]
Aug 14 13:53:28.442222 msap1 kernel[259]: [    0.000000] Movable zone start for each node
Aug 14 13:53:28.442229 msap1 kernel[259]: [    0.000000] Early memory node ranges
Aug 14 13:53:28.442237 msap1 kernel[259]: [    0.000000]   node   0: [mem 0x0000000000000000-0x00000000097fffff]
Aug 14 13:53:28.442245 msap1 kernel[259]: [    0.000000]   node   0: [mem 0x0000000009800000-0x00000000098a7fff]
Aug 14 13:53:28.442252 msap1 kernel[259]: [    0.000000]   node   0: [mem 0x00000000098a8000-0x0000000009dfffff]
Aug 14 13:53:28.442289 msap1 kernel[259]: [    0.000000]   node   0: [mem 0x0000000009e00000-0x0000000009ea7fff]
Aug 14 13:53:28.442297 msap1 kernel[259]: [    0.000000]   node   0: [mem 0x0000000009ea8000-0x000000007fefffff]
Aug 14 13:53:28.442304 msap1 kernel[259]: [    0.000000]   node   0: [mem 0x0000000800000000-0x000000087fffffff]
Aug 14 13:53:28.442311 msap1 kernel[259]: [    0.000000] Initmem setup node 0 [mem 0x0000000000000000-0x000000087fffffff]
Aug 14 13:53:28.442318 msap1 kernel[259]: [    0.000000] On node 0, zone Normal: 256 pages in unavailable ranges
Aug 14 13:53:28.442325 msap1 kernel[259]: [    0.000000] psci: probing for conduit method from DT.
Aug 14 13:53:28.442332 msap1 kernel[259]: [    0.000000] psci: PSCIv1.1 detected in firmware.
Aug 14 13:53:28.442339 msap1 kernel[259]: [    0.000000] psci: Using standard PSCI v0.2 function IDs
Aug 14 13:53:28.442346 msap1 kernel[259]: [    0.000000] psci: MIGRATE_INFO_TYPE not supported.
Aug 14 13:53:28.442353 msap1 kernel[259]: [    0.000000] psci: SMC Calling Convention v1.5
Aug 14 13:53:28.442360 msap1 kernel[259]: [    0.000000] percpu: Embedded 29 pages/cpu s79192 r8192 d31400 u118784
Aug 14 13:53:28.442367 msap1 kernel[259]: [    0.000000] pcpu-alloc: s79192 r8192 d31400 u118784 alloc=29*4096
Aug 14 13:53:28.442374 msap1 kernel[259]: [    0.000000] pcpu-alloc: [0] 0 [0] 1 [0] 2 [0] 3
Aug 14 13:53:28.442381 msap1 kernel[259]: [    0.000000] Detected VIPT I-cache on CPU0
Aug 14 13:53:28.442388 msap1 kernel[259]: [    0.000000] CPU features: detected: ARM erratum 845719
Aug 14 13:53:28.442420 msap1 kernel[259]: [    0.000000] alternatives: applying boot alternatives
Aug 14 13:53:28.442428 msap1 kernel[259]: [    0.000000] Kernel command line: earlycon console=ttyPS1,115200 init_fatal_sh=1 root=LABEL=root
Aug 14 13:53:28.442438 msap1 kernel[259]: [    0.000000] Unknown kernel command line parameters "init_fatal_sh=1", will be passed to user space.
Aug 14 13:53:28.442446 msap1 kernel[259]: [    0.000000] printk: log buffer data + meta data: 65536 + 229376 = 294912 bytes
Aug 14 13:53:28.442454 msap1 kernel[259]: [    0.000000] Dentry cache hash table entries: 524288 (order: 10, 4194304 bytes, linear)
Aug 14 13:53:28.442461 msap1 kernel[259]: [    0.000000] Inode-cache hash table entries: 262144 (order: 9, 2097152 bytes, linear)
Aug 14 13:53:28.442468 msap1 kernel[259]: [    0.000000] software IO TLB: area num 4.
Aug 14 13:53:28.442475 msap1 kernel[259]: [    0.000000] software IO TLB: mapped [mem 0x0000000047000000-0x000000004b000000] (64MB)
Aug 14 13:53:28.442482 msap1 kernel[259]: [    0.000000] Built 1 zonelists, mobility grouping on.  Total pages: 1048320
Aug 14 13:53:28.442489 msap1 kernel[259]: [    0.000000] mem auto-init: stack:all(zero), heap alloc:off, heap free:off
Aug 14 13:53:28.442496 msap1 kernel[259]: [    0.000000] SLUB: HWalign=64, Order=0-3, MinObjects=0, CPUs=4, Nodes=1
Aug 14 13:53:28.442504 msap1 kernel[259]: [    0.000000] rcu: Hierarchical RCU implementation.
Aug 14 13:53:28.442540 msap1 kernel[259]: [    0.000000] rcu:         RCU event tracing is enabled.
Aug 14 13:53:28.442547 msap1 kernel[259]: [    0.000000] rcu:         RCU restricting CPUs from NR_CPUS=16 to nr_cpu_ids=4.
Aug 14 13:53:28.442554 msap1 kernel[259]: [    0.000000]         Tracing variant of Tasks RCU enabled.
Aug 14 13:53:28.442561 msap1 kernel[259]: [    0.000000] rcu: RCU calculated value of scheduler-enlistment delay is 25 jiffies.
Aug 14 13:53:28.442568 msap1 kernel[259]: [    0.000000] rcu: Adjusting geometry for rcu_fanout_leaf=16, nr_cpu_ids=4
Aug 14 13:53:28.442575 msap1 kernel[259]: [    0.000000] RCU Tasks Trace: Setting shift to 2 and lim to 1 rcu_task_cb_adjust=1 rcu_task_cpu_ids=4.
Aug 14 13:53:28.442582 msap1 kernel[259]: [    0.000000] NR_IRQS: 64, nr_irqs: 64, preallocated irqs: 0
Aug 14 13:53:28.442589 msap1 kernel[259]: [    0.000000] GIC: Adjusting CPU interface base to 0x00000000f902f000
Aug 14 13:53:28.442596 msap1 kernel[259]: [    0.000000] Root IRQ handler: gic_handle_irq
Aug 14 13:53:28.442603 msap1 kernel[259]: [    0.000000] GIC: Using split EOI/Deactivate mode
Aug 14 13:53:28.442610 msap1 kernel[259]: [    0.000000] rcu: srcu_init: Setting srcu_struct sizes based on contention.
Aug 14 13:53:28.442617 msap1 kernel[259]: [    0.000000] arch_timer: cp15 timer running at 99.99MHz (phys).
Aug 14 13:53:28.442624 msap1 kernel[259]: [    0.000000] clocksource: arch_sys_counter: mask: 0x1ffffffffffffff max_cycles: 0x171015c90f, max_idle_ns: 440795203080 ns
Aug 14 13:53:28.442661 msap1 kernel[259]: [    0.000000] sched_clock: 57 bits at 100MHz, resolution 10ns, wraps every 4398046511101ns
Aug 14 13:53:28.442669 msap1 kernel[259]: [    0.008361] Console: colour dummy device 80x25
Aug 14 13:53:28.442676 msap1 kernel[259]: [    0.012568] Calibrating delay loop (skipped), value calculated using timer frequency.. 199.99 BogoMIPS (lpj=399996)
Aug 14 13:53:28.442685 msap1 kernel[259]: [    0.022971] pid_max: default: 32768 minimum: 301
Aug 14 13:53:28.442693 msap1 kernel[259]: [    0.027698] Mount-cache hash table entries: 8192 (order: 4, 65536 bytes, linear)
Aug 14 13:53:28.442700 msap1 kernel[259]: [    0.034987] Mountpoint-cache hash table entries: 8192 (order: 4, 65536 bytes, linear)
Aug 14 13:53:28.442706 msap1 kernel[259]: [    0.044107] rcu: Hierarchical SRCU implementation.
Aug 14 13:53:28.442715 msap1 kernel[259]: [    0.047596] rcu:         Max phase no-delay instances is 1000.
Aug 14 13:53:28.442722 msap1 kernel[259]: [    0.053017] Timer migration: 1 hierarchy levels; 8 children per group; 1 crossnode level
Aug 14 13:53:28.442729 msap1 kernel[259]: [    0.061183] EFI services will not be available.
Aug 14 13:53:28.442736 msap1 kernel[259]: [    0.065585] smp: Bringing up secondary CPUs ...
Aug 14 13:53:28.442743 msap1 kernel[259]: [    0.070347] Detected VIPT I-cache on CPU1
Aug 14 13:53:28.442749 msap1 kernel[259]: [    0.070461] CPU1: Booted secondary processor 0x0000000001 [0x410fd034]
Aug 14 13:53:28.442756 msap1 kernel[259]: [    0.070894] Detected VIPT I-cache on CPU2
Aug 14 13:53:28.442795 msap1 kernel[259]: [    0.070985] CPU2: Booted secondary processor 0x0000000002 [0x410fd034]
Aug 14 13:53:28.442802 msap1 kernel[259]: [    0.071379] Detected VIPT I-cache on CPU3
Aug 14 13:53:28.442809 msap1 kernel[259]: [    0.071467] CPU3: Booted secondary processor 0x0000000003 [0x410fd034]
Aug 14 13:53:28.442816 msap1 kernel[259]: [    0.071522] smp: Brought up 1 node, 4 CPUs
Aug 14 13:53:28.442824 msap1 kernel[259]: [    0.105621] SMP: Total of 4 processors activated.
Aug 14 13:53:28.442832 msap1 kernel[259]: [    0.110319] CPU: All CPU(s) started at EL2
Aug 14 13:53:28.442839 msap1 kernel[259]: [    0.114409] CPU features: detected: 32-bit EL0 Support
Aug 14 13:53:28.442845 msap1 kernel[259]: [    0.119543] CPU features: detected: CRC32 instructions
Aug 14 13:53:28.442852 msap1 kernel[259]: [    0.124679] CPU features: detected: PMUv3
Aug 14 13:53:28.442859 msap1 kernel[259]: [    0.128707] alternatives: applying system-wide alternatives
Aug 14 13:53:28.442866 msap1 kernel[259]: [    0.134902] Memory: 3101212K/4193280K available (17920K kernel code, 2422K rwdata, 5560K rodata, 4608K init, 393K bss, 268536K reserved, 819200K cma-reserved)
Aug 14 13:53:28.442873 msap1 kernel[259]: [    0.149134] devtmpfs: initialized
Aug 14 13:53:28.442880 msap1 kernel[259]: [    0.159856] clocksource: jiffies: mask: 0xffffffff max_cycles: 0xffffffff, max_idle_ns: 7645041785100000 ns
Aug 14 13:53:28.442887 msap1 kernel[259]: [    0.163995] posixtimers hash table entries: 2048 (order: 3, 32768 bytes, linear)
Aug 14 13:53:28.442922 msap1 kernel[259]: [    0.171422] futex hash table entries: 1024 (65536 bytes on 1 NUMA nodes, total 64 KiB, linear).
Aug 14 13:53:28.442929 msap1 kernel[259]: [    0.189714] 24992 pages in range for non-PLT usage
Aug 14 13:53:28.442936 msap1 kernel[259]: [    0.189733] 516512 pages in range for PLT usage
Aug 14 13:53:28.442943 msap1 kernel[259]: [    0.189911] pinctrl core: initialized pinctrl subsystem
Aug 14 13:53:28.442950 msap1 kernel[259]: [    0.199085] DMI not present or invalid.
Aug 14 13:53:28.442957 msap1 kernel[259]: [    0.202832] NET: Registered PF_NETLINK/PF_ROUTE protocol family
Aug 14 13:53:28.442964 msap1 kernel[259]: [    0.209015] DMA: preallocated 512 KiB GFP_KERNEL pool for atomic allocations
Aug 14 13:53:28.442971 msap1 kernel[259]: [    0.215512] DMA: preallocated 512 KiB GFP_KERNEL|GFP_DMA pool for atomic allocations
Aug 14 13:53:28.442978 msap1 kernel[259]: [    0.223301] DMA: preallocated 512 KiB GFP_KERNEL|GFP_DMA32 pool for atomic allocations
Aug 14 13:53:28.442985 msap1 kernel[259]: [    0.231100] audit: initializing netlink subsys (disabled)
Aug 14 13:53:28.442992 msap1 kernel[259]: [    0.236600] audit: type=2000 audit(0.152:1): state=initialized audit_enabled=0 res=1
Aug 14 13:53:28.442999 msap1 kernel[259]: [    0.236880] thermal_sys: Registered thermal governor 'step_wise'
Aug 14 13:53:28.443006 msap1 kernel[259]: [    0.244354] hw-breakpoint: found 6 breakpoint and 4 watchpoint registers.
Aug 14 13:53:28.443042 msap1 kernel[259]: [    0.257063] ASID allocator initialised with 65536 entries
Aug 14 13:53:28.443052 msap1 kernel[259]: [    0.262512] Serial: AMBA PL011 UART driver
Aug 14 13:53:28.443060 msap1 kernel[259]: [    0.275185] /axi/display@fd4a0000: Fixed dependency cycle(s) with /dpcon
Aug 14 13:53:28.443068 msap1 kernel[259]: [    0.276324] /axi/interrupt-controller@f9010000: Fixed dependency cycle(s) with /axi/interrupt-controller@f9010000
Aug 14 13:53:28.443075 msap1 kernel[259]: [    0.292050] /dpcon: Fixed dependency cycle(s) with /axi/display@fd4a0000
Aug 14 13:53:28.443082 msap1 kernel[259]: [    0.293250] /axi/display@fd4a0000: Fixed dependency cycle(s) with /dpcon
Aug 14 13:53:28.443088 msap1 kernel[259]: [    0.303096] HugeTLB: registered 1.00 GiB page size, pre-allocated 0 pages
Aug 14 13:53:28.443095 msap1 kernel[259]: [    0.306713] HugeTLB: 0 KiB vmemmap can be freed for a 1.00 GiB page
Aug 14 13:53:28.443102 msap1 kernel[259]: [    0.312975] HugeTLB: registered 32.0 MiB page size, pre-allocated 0 pages
Aug 14 13:53:28.443110 msap1 kernel[259]: [    0.319757] HugeTLB: 0 KiB vmemmap can be freed for a 32.0 MiB page
Aug 14 13:53:28.443117 msap1 kernel[259]: [    0.326022] HugeTLB: registered 2.00 MiB page size, pre-allocated 0 pages
Aug 14 13:53:28.443124 msap1 kernel[259]: [    0.332806] HugeTLB: 0 KiB vmemmap can be freed for a 2.00 MiB page
Aug 14 13:53:28.443131 msap1 kernel[259]: [    0.339072] HugeTLB: registered 64.0 KiB page size, pre-allocated 0 pages
Aug 14 13:53:28.455375 msap1 systemd[1]: Starting D-Bus System Message Bus...
Aug 14 13:53:28.443174 msap1 kernel[259]: [    0.345856] HugeTLB: 0 KiB vmemmap can be freed for a 64.0 KiB page
Aug 14 13:53:28.455440 msap1 (syslogd)[260]: busybox-syslog.service: Referenced but unset environment variable evaluates to an empty string: OPTIONS
Aug 14 13:53:28.443181 msap1 kernel[259]: [    0.420192] raid6: neonx8   gen()  2497 MB/s
Aug 14 13:53:28.443188 msap1 kernel[259]: [    0.488259] raid6: neonx4   gen()  2471 MB/s
Aug 14 13:53:28.443195 msap1 kernel[259]: [    0.556318] raid6: neonx2   gen()  2349 MB/s
Aug 14 13:53:28.443204 msap1 kernel[259]: [    0.624386] raid6: neonx1   gen()  1994 MB/s
Aug 14 13:53:28.443211 msap1 kernel[259]: [    0.692453] raid6: int64x8  gen()  1572 MB/s
Aug 14 13:53:28.443217 msap1 kernel[259]: [    0.760516] raid6: int64x4  gen()  1707 MB/s
Aug 14 13:53:28.443224 msap1 kernel[259]: [    0.828588] raid6: int64x2  gen()  1556 MB/s
Aug 14 13:53:28.443231 msap1 kernel[259]: [    0.896663] raid6: int64x1  gen()  1148 MB/s
Aug 14 13:53:28.443238 msap1 kernel[259]: [    0.896702] raid6: using algorithm neonx8 gen() 2497 MB/s
Aug 14 13:53:28.443245 msap1 kernel[259]: [    0.968735] raid6: .... xor() 1833 MB/s, rmw enabled
Aug 14 13:53:28.443252 msap1 kernel[259]: [    0.968781] raid6: using neon recovery algorithm
Aug 14 13:53:28.443258 msap1 kernel[259]: [    0.973649] iommu: Default domain type: Translated
Aug 14 13:53:28.443265 msap1 kernel[259]: [    0.977452] iommu: DMA domain TLB invalidation policy: strict mode
Aug 14 13:53:28.443272 msap1 kernel[259]: [    0.991513] SCSI subsystem initialized
Aug 14 13:53:28.443278 msap1 kernel[259]: [    0.991571] libata version 3.00 loaded.
Aug 14 13:53:28.443285 msap1 kernel[259]: [    0.991722] usbcore: registered new interface driver usbfs
Aug 14 13:53:28.443292 msap1 kernel[259]: [    0.995118] usbcore: registered new interface driver hub
Aug 14 13:53:28.443327 msap1 kernel[259]: [    1.000430] usbcore: registered new device driver usb
Aug 14 13:53:28.443335 msap1 kernel[259]: [    1.005577] mc: Linux media interface: v0.10
Aug 14 13:53:28.443343 msap1 kernel[259]: [    1.009744] videodev: Linux video capture interface: v2.00
Aug 14 13:53:28.443350 msap1 kernel[259]: [    1.015248] pps_core: LinuxPPS API ver. 1 registered
Aug 14 13:53:28.443357 msap1 kernel[259]: [    1.020157] pps_core: Software ver. 5.3.6 - Copyright 2005-2007 Rodolfo Giometti <giometti@linux.it>
Aug 14 13:53:28.443364 msap1 kernel[259]: [    1.029301] PTP clock support registered
Aug 14 13:53:28.443371 msap1 kernel[259]: [    1.033228] EDAC MC: Ver: 3.0.0
Aug 14 13:53:28.443379 msap1 kernel[259]: [    1.036609] scmi_core: SCMI protocol bus registered
Aug 14 13:53:28.443386 msap1 kernel[259]: [    1.041348] zynqmp-ipi-mbox mailbox@ff9905c0: Registered ZynqMP IPI mbox with TX/RX channels.
Aug 14 13:53:28.443393 msap1 kernel[259]: [    1.050086] zynqmp-ipi-mbox child@ff300000: Registered ZynqMP IPI mbox with TX/RX channels.
Aug 14 13:53:28.443400 msap1 kernel[259]: [    1.058175] zynqmp-ipi-mbox child@ff310000: Registered ZynqMP IPI mbox with TX/RX channels.
Aug 14 13:53:28.443407 msap1 kernel[259]: [    1.066529] zynqmp-ipi-mbox child@ff320000: Registered ZynqMP IPI mbox with TX/RX channels.
Aug 14 13:53:28.443414 msap1 kernel[259]: [    1.074877] zynqmp-ipi-mbox child@ff330000: Registered ZynqMP IPI mbox with TX/RX channels.
Aug 14 13:53:28.443445 msap1 kernel[259]: [    1.083231] zynqmp-ipi-mbox child@ff331000: Registered ZynqMP IPI mbox with TX/RX channels.
Aug 14 13:53:28.443452 msap1 kernel[259]: [    1.091584] zynqmp-ipi-mbox child@ff332000: Registered ZynqMP IPI mbox with TX/RX channels.
Aug 14 13:53:28.443459 msap1 kernel[259]: [    1.099936] zynqmp-ipi-mbox child@ff333000: Registered ZynqMP IPI mbox with TX/RX channels.
Aug 14 13:53:28.443466 msap1 kernel[259]: [    1.108294] zynqmp-ipi-mbox child@ff340000: Registered ZynqMP IPI mbox with TX/RX channels.
Aug 14 13:53:28.443473 msap1 kernel[259]: [    1.116713] zynqmp-ipi-mbox child@ff300000: Registered ZynqMP IPI mbox with TX/RX channels.
Aug 14 13:53:28.443481 msap1 kernel[259]: [    1.124994] zynqmp-ipi-mbox child@ff310000: Registered ZynqMP IPI mbox with TX/RX channels.
Aug 14 13:53:28.443488 msap1 kernel[259]: [    1.133348] zynqmp-ipi-mbox child@ff320000: Registered ZynqMP IPI mbox with TX/RX channels.
Aug 14 13:53:28.443495 msap1 kernel[259]: [    1.141694] zynqmp-ipi-mbox child@ff330000: Registered ZynqMP IPI mbox with TX/RX channels.
Aug 14 13:53:28.443502 msap1 kernel[259]: [    1.150050] zynqmp-ipi-mbox child@ff331000: Registered ZynqMP IPI mbox with TX/RX channels.
Aug 14 13:53:28.443509 msap1 kernel[259]: [    1.158400] zynqmp-ipi-mbox child@ff332000: Registered ZynqMP IPI mbox with TX/RX channels.
Aug 14 13:53:28.443550 msap1 kernel[259]: [    1.166751] zynqmp-ipi-mbox child@ff333000: Registered ZynqMP IPI mbox with TX/RX channels.
Aug 14 13:53:28.443557 msap1 kernel[259]: [    1.175107] zynqmp-ipi-mbox child@ff340000: Registered ZynqMP IPI mbox with TX/RX channels.
Aug 14 13:53:28.443564 msap1 kernel[259]: [    1.183756] FPGA manager framework
Aug 14 13:53:28.443570 msap1 kernel[259]: [    1.186945] Advanced Linux Sound Architecture Driver Initialized.
Aug 14 13:53:28.443577 msap1 kernel[259]: [    1.193418] Bluetooth: Core ver 2.22
Aug 14 13:53:28.443585 msap1 kernel[259]: [    1.196432] NET: Registered PF_BLUETOOTH protocol family
Aug 14 13:53:28.443592 msap1 kernel[259]: [    1.201729] Bluetooth: HCI device and connection manager initialized
Aug 14 13:53:28.443598 msap1 kernel[259]: [    1.208082] Bluetooth: HCI socket layer initialized
Aug 14 13:53:28.443605 msap1 kernel[259]: [    1.212952] Bluetooth: L2CAP socket layer initialized
Aug 14 13:53:28.443612 msap1 kernel[259]: [    1.218003] Bluetooth: SCO socket layer initialized
Aug 14 13:53:28.443619 msap1 kernel[259]: [    1.224461] clocksource: Switched to clocksource arch_sys_counter
Aug 14 13:53:28.443628 msap1 kernel[259]: [    1.435102] VFS: Disk quotas dquot_6.6.0
Aug 14 13:53:28.443636 msap1 kernel[259]: [    1.435168] VFS: Dquot-cache hash table entries: 512 (order 0, 4096 bytes)
Aug 14 13:53:28.443643 msap1 kernel[259]: [    1.445730] NET: Registered PF_INET protocol family
Aug 14 13:53:28.443649 msap1 kernel[259]: [    1.445929] IP idents hash table entries: 65536 (order: 7, 524288 bytes, linear)
Aug 14 13:53:28.443685 msap1 kernel[259]: [    1.455032] tcp_listen_portaddr_hash hash table entries: 2048 (order: 3, 32768 bytes, linear)
Aug 14 13:53:28.443692 msap1 kernel[259]: [    1.461089] Table-perturb hash table entries: 65536 (order: 6, 262144 bytes, linear)
Aug 14 13:53:28.443699 msap1 kernel[259]: [    1.468810] TCP established hash table entries: 32768 (order: 6, 262144 bytes, linear)
Aug 14 13:53:28.443706 msap1 kernel[259]: [    1.476909] TCP bind hash table entries: 32768 (order: 8, 1048576 bytes, linear)
Aug 14 13:53:28.443712 msap1 kernel[259]: [    1.484862] TCP: Hash tables configured (established 32768 bind 32768)
Aug 14 13:53:28.443719 msap1 kernel[259]: [    1.490703] UDP hash table entries: 2048 (order: 5, 131072 bytes, linear)
Aug 14 13:53:28.443726 msap1 kernel[259]: [    1.497532] UDP-Lite hash table entries: 2048 (order: 5, 131072 bytes, linear)
Aug 14 13:53:28.443733 msap1 kernel[259]: [    1.504841] NET: Registered PF_UNIX/PF_LOCAL protocol family
Aug 14 13:53:28.443740 msap1 kernel[259]: [    1.510638] RPC: Registered named UNIX socket transport module.
Aug 14 13:53:28.443746 msap1 kernel[259]: [    1.516229] RPC: Registered udp transport module.
Aug 14 13:53:28.443757 msap1 kernel[259]: [    1.520927] RPC: Registered tcp transport module.
Aug 14 13:53:28.443764 msap1 kernel[259]: [    1.525617] RPC: Registered tcp-with-tls transport module.
Aug 14 13:53:28.443773 msap1 kernel[259]: [    1.531097] RPC: Registered tcp NFSv4.1 backchannel transport module.
Aug 14 13:53:28.443813 msap1 kernel[259]: [    1.537544] PCI: CLS 0 bytes, default 64
Aug 14 13:53:28.443820 msap1 kernel[259]: [    1.541605] Trying to unpack rootfs image as initramfs...
Aug 14 13:53:28.443827 msap1 kernel[259]: [    1.547925] Initialise system trusted keyrings
Aug 14 13:53:28.443834 msap1 kernel[259]: [    1.551460] workingset: timestamp_bits=62 max_order=20 bucket_order=0
Aug 14 13:53:28.443840 msap1 kernel[259]: [    1.558289] NFS: Registering the id_resolver key type
Aug 14 13:53:28.443847 msap1 kernel[259]: [    1.562807] Key type id_resolver registered
Aug 14 13:53:28.443854 msap1 kernel[259]: [    1.566942] Key type id_legacy registered
Aug 14 13:53:28.443861 msap1 kernel[259]: [    1.570984] nfs4filelayout_init: NFSv4 File Layout Driver Registering...
Aug 14 13:53:28.443867 msap1 kernel[259]: [    1.577647] nfs4flexfilelayout_init: NFSv4 Flexfile Layout Driver Registering...
Aug 14 13:53:28.443874 msap1 kernel[259]: [    1.585296] jffs2: version 2.2. (NAND) (SUMMARY)  © 2001-2006 Red Hat, Inc.
Aug 14 13:53:28.443881 msap1 kernel[259]: [    1.642397] NET: Registered PF_ALG protocol family
Aug 14 13:53:28.443888 msap1 kernel[259]: [    1.642503] xor: measuring software checksum speed
Aug 14 13:53:28.443894 msap1 kernel[259]: [    1.647520]    8regs           :  2797 MB/sec
Aug 14 13:53:28.443901 msap1 kernel[259]: [    1.651867]    32regs          :  2802 MB/sec
Aug 14 13:53:28.443908 msap1 kernel[259]: [    1.656298]    arm64_neon      :  2620 MB/sec
Aug 14 13:53:28.443916 msap1 kernel[259]: [    1.659396] xor: using function: 32regs (2802 MB/sec)
Aug 14 13:53:28.443958 msap1 kernel[259]: [    1.664455] Key type asymmetric registered
Aug 14 13:53:28.443965 msap1 kernel[259]: [    1.668533] Asymmetric key parser 'x509' registered
Aug 14 13:53:28.443972 msap1 kernel[259]: [    1.673494] Block layer SCSI generic (bsg) driver version 0.4 loaded (major 240)
Aug 14 13:53:28.443978 msap1 kernel[259]: [    1.680803] io scheduler mq-deadline registered
Aug 14 13:53:28.443987 msap1 kernel[259]: [    1.685323] io scheduler kyber registered
Aug 14 13:53:28.443995 msap1 kernel[259]: [    1.689362] io scheduler bfq registered
Aug 14 13:53:28.444002 msap1 kernel[259]: [    1.699918] ledtrig-cpu: registered to indicate activity on CPUs
Aug 14 13:53:28.444009 msap1 kernel[259]: [    1.733382] Serial: 8250/16550 driver, 4 ports, IRQ sharing disabled
Aug 14 13:53:28.444015 msap1 kernel[259]: [    1.735674] Serial: AMBA driver
Aug 14 13:53:28.444022 msap1 kernel[259]: [    1.746283] brd: module loaded
Aug 14 13:53:28.444029 msap1 kernel[259]: [    1.749603] loop: module loaded
Aug 14 13:53:28.444035 msap1 kernel[259]: [    1.754703] tun: Universal TUN/TAP device driver, 1.6
Aug 14 13:53:28.444042 msap1 kernel[259]: [    1.754890] CAN device driver interface
Aug 14 13:53:28.444049 msap1 kernel[259]: [    1.759059] usbcore: registered new interface driver asix
Aug 14 13:53:28.444055 msap1 kernel[259]: [    1.763380] usbcore: registered new interface driver ax88179_178a
Aug 14 13:53:28.444064 msap1 kernel[259]: [    1.769472] usbcore: registered new interface driver cdc_ether
Aug 14 13:53:28.444071 msap1 kernel[259]: [    1.775302] usbcore: registered new interface driver net1080
Aug 14 13:53:28.444109 msap1 kernel[259]: [    1.780966] usbcore: registered new interface driver cdc_subset
Aug 14 13:53:28.444116 msap1 kernel[259]: [    1.786870] usbcore: registered new interface driver zaurus
Aug 14 13:53:28.444123 msap1 kernel[259]: [    1.792434] usbcore: registered new interface driver cdc_ncm
Aug 14 13:53:28.444130 msap1 kernel[259]: [    1.798093] usbcore: registered new interface driver r8153_ecm
Aug 14 13:53:28.444137 msap1 kernel[259]: [    1.804384] VFIO - User Level meta-driver version: 0.3
Aug 14 13:53:28.444144 msap1 kernel[259]: [    1.810036] usbcore: registered new interface driver uas
Aug 14 13:53:28.444151 msap1 kernel[259]: [    1.814364] usbcore: registered new interface driver usb-storage
Aug 14 13:53:28.444158 msap1 kernel[259]: [    1.820354] usbcore: registered new device driver onboard-usb-dev
Aug 14 13:53:28.444165 msap1 kernel[259]: [    1.828010] rtc_zynqmp ffa60000.rtc: registered as rtc0
Aug 14 13:53:28.461928 msap1 kernel[259]: [    1.831659] rtc_zynqmp ffa60000.rtc: setting system clock to 2026-08-14T13:53:18 UTC (1786715598)
Aug 14 13:53:28.461967 msap1 kernel[259]: [    1.840678] i2c_dev: i2c /dev entries driver
Aug 14 13:53:28.461976 msap1 kernel[259]: [    1.846864] usbcore: registered new interface driver uvcvideo
Aug 14 13:53:28.461984 msap1 kernel[259]: [    1.850528] Driver for 1-wire Dallas network protocol.
Aug 14 13:53:28.461991 msap1 kernel[259]: [    1.856597] Bluetooth: HCI UART driver ver 2.3
Aug 14 13:53:28.461999 msap1 kernel[259]: [    1.860087] Bluetooth: HCI UART protocol H4 registered
Aug 14 13:53:28.462052 msap1 kernel[259]: [    1.865232] Bluetooth: HCI UART protocol BCSP registered
Aug 14 13:53:28.462059 msap1 kernel[259]: [    1.870570] Bluetooth: HCI UART protocol LL registered
Aug 14 13:53:28.462066 msap1 kernel[259]: [    1.875664] Bluetooth: HCI UART protocol ATH3K registered
Aug 14 13:53:28.462073 msap1 kernel[259]: [    1.881088] Bluetooth: HCI UART protocol Three-wire (H5) registered
Aug 14 13:53:28.462080 msap1 kernel[259]: [    1.887442] Bluetooth: HCI UART protocol Intel registered
Aug 14 13:53:28.462086 msap1 kernel[259]: [    1.892748] Bluetooth: HCI UART protocol QCA registered
Aug 14 13:53:28.462093 msap1 kernel[259]: [    1.898014] usbcore: registered new interface driver bcm203x
Aug 14 13:53:28.462100 msap1 kernel[259]: [    1.903665] usbcore: registered new interface driver bpa10x
Aug 14 13:53:28.462108 msap1 kernel[259]: [    1.909225] usbcore: registered new interface driver bfusb
Aug 14 13:53:28.462115 msap1 kernel[259]: [    1.914679] usbcore: registered new interface driver btusb
Aug 14 13:53:28.462122 msap1 kernel[259]: [    1.920177] usbcore: registered new interface driver ath3k
Aug 14 13:53:28.462130 msap1 kernel[259]: [    1.925849] EDAC MC: ECC not enabled
Aug 14 13:53:28.462137 msap1 kernel[259]: [    1.929687] EDAC DEVICE0: Giving out device to module zynqmp-ocm-edac controller zynqmp_ocm: DEV ff960000.memory-controller (INTERRUPT)
Aug 14 13:53:28.462144 msap1 kernel[259]: [    1.942067] sdhci: Secure Digital Host Controller Interface driver
Aug 14 13:53:28.462182 msap1 kernel[259]: [    1.947536] sdhci: Copyright(c) Pierre Ossman
Aug 14 13:53:28.462189 msap1 kernel[259]: [    1.951878] sdhci-pltfm: SDHCI platform and OF driver helper
Aug 14 13:53:28.462196 msap1 kernel[259]: [    1.958442] SMCCC: SOC_ID: ID = jep106:0049:0000 Revision = 0x04724093
Aug 14 13:53:28.462203 msap1 kernel[259]: [    1.964170] zynqmp_firmware_probe Platform Management API v1.1
Aug 14 13:53:28.462210 msap1 kernel[259]: [    1.969903] zynqmp_firmware_probe Trustzone version v1.0
Aug 14 13:53:28.462217 msap1 kernel[259]: [    1.998723] securefw securefw: securefw probed
Aug 14 13:53:28.462223 msap1 kernel[259]: [    1.999060] zynqmp-aes zynqmp-aes.0: will run requests pump with realtime priority
Aug 14 13:53:28.462230 msap1 kernel[259]: [    2.005863] zynqmp-sha3-384 zynqmp-sha3-384.0: will run requests pump with realtime priority
Aug 14 13:53:28.462237 msap1 kernel[259]: [    2.014081] xilinx_ecdsa xilinx_ecdsa.0: ECDSA is not supported on the platform
Aug 14 13:53:28.462244 msap1 kernel[259]: [    2.021396] usbcore: registered new interface driver usbhid
Aug 14 13:53:28.462251 msap1 kernel[259]: [    2.026513] usbhid: USB HID core driver
Aug 14 13:53:28.462258 msap1 kernel[259]: [    2.032434] remoteproc remoteproc0: ffe00000.r5f is available
Aug 14 13:53:28.462265 msap1 kernel[259]: [    2.036251] remoteproc remoteproc1: ffe90000.r5f is available
Aug 14 13:53:28.462272 msap1 kernel[259]: [    2.045382] hw perfevents: enabled with armv8_cortex_a53 PMU driver, 7 (0,8000003f) counters available
Aug 14 13:53:28.462313 msap1 kernel[259]: [    2.052080]  cs_system_cfg: CoreSight Configuration manager initialised
Aug 14 13:53:28.462321 msap1 kernel[259]: [    2.059326] fpga_manager fpga0: Xilinx ZynqMP FPGA Manager registered
Aug 14 13:53:28.462327 msap1 kernel[259]: [    2.064838] usbcore: registered new interface driver snd-usb-audio
Aug 14 13:53:28.462334 msap1 kernel[259]: [    2.071069] pktgen: Packet Generator for packet performance testing. Version: 2.75
Aug 14 13:53:28.462341 msap1 kernel[259]: [    2.081368] Initializing XFRM netlink socket
Aug 14 13:53:28.471229 msap1 systemd[1]: Starting dfx-mgrd Dynamic Function eXchange...
Aug 14 13:53:28.462349 msap1 kernel[259]: [    2.082232] NET: Registered PF_INET6 protocol family
Aug 14 13:53:28.462356 msap1 kernel[259]: [    2.087768] Segment Routing with IPv6
Aug 14 13:53:28.462363 msap1 kernel[259]: [    2.090841] In-situ OAM (IOAM) with IPv6
Aug 14 13:53:28.462369 msap1 kernel[259]: [    2.094794] sit: IPv6, IPv4 and MPLS over IPv4 tunneling driver
Aug 14 13:53:28.462376 msap1 kernel[259]: [    2.101074] NET: Registered PF_PACKET protocol family
Aug 14 13:53:28.462383 msap1 kernel[259]: [    2.105693] NET: Registered PF_KEY protocol family
Aug 14 13:53:28.462389 msap1 kernel[259]: [    2.110495] can: controller area network core
Aug 14 13:53:28.462397 msap1 kernel[259]: [    2.114847] NET: Registered PF_CAN protocol family
Aug 14 13:53:28.462404 msap1 kernel[259]: [    2.119602] can: raw protocol
Aug 14 13:53:28.462411 msap1 kernel[259]: [    2.122562] can: broadcast manager protocol
Aug 14 13:53:28.462417 msap1 kernel[259]: [    2.126742] can: netlink gateway - max_hops=1
Aug 14 13:53:28.462424 msap1 kernel[259]: [    2.131252] Bluetooth: RFCOMM TTY layer initialized
Aug 14 13:53:28.462463 msap1 kernel[259]: [    2.135978] Bluetooth: RFCOMM socket layer initialized
Aug 14 13:53:28.462470 msap1 kernel[259]: [    2.141112] Bluetooth: RFCOMM ver 1.11
Aug 14 13:53:28.462477 msap1 kernel[259]: [    2.144836] Bluetooth: BNEP (Ethernet Emulation) ver 1.3
Aug 14 13:53:28.462483 msap1 kernel[259]: [    2.150135] Bluetooth: BNEP filters: protocol multicast
Aug 14 13:53:28.462490 msap1 kernel[259]: [    2.155368] Bluetooth: BNEP socket layer initialized
Aug 14 13:53:28.462497 msap1 kernel[259]: [    2.160317] Bluetooth: HIDP (Human Interface Emulation) ver 1.2
Aug 14 13:53:28.462504 msap1 kernel[259]: [    2.166242] Bluetooth: HIDP socket layer initialized
Aug 14 13:53:28.462511 msap1 kernel[259]: [    2.171235] 8021q: 802.1Q VLAN Support v1.8
Aug 14 13:53:28.462517 msap1 kernel[259]: [    2.175740] 9pnet: Installing 9P2000 support
Aug 14 13:53:28.462524 msap1 kernel[259]: [    2.179666] Key type dns_resolver registered
Aug 14 13:53:28.462531 msap1 kernel[259]: [    2.192219] registered taskstats version 1
Aug 14 13:53:28.462539 msap1 kernel[259]: [    2.192275] Loading compiled-in X.509 certificates
Aug 14 13:53:28.462546 msap1 kernel[259]: [    2.201420] Btrfs loaded, zoned=no, fsverity=no
Aug 14 13:53:28.462553 msap1 kernel[259]: [    2.211496] ff010000.serial: ttyPS1 at MMIO 0xff010000 (irq = 24, base_baud = 6249999) is a xuartps
Aug 14 13:53:28.462559 msap1 kernel[259]: [    2.220583] printk: legacy console [ttyPS1] enabled
Aug 14 13:53:28.462566 msap1 kernel[259]: [    2.225516] printk: legacy bootconsole [cdns0] disabled
Aug 14 13:53:28.462596 msap1 kernel[259]: [    2.236882] sram ffeb0000.psu_r5_1_btcm_global: error -EBUSY: can't request region for resource [mem 0xffeb0000-0xffebffff]
Aug 14 13:53:28.462603 msap1 kernel[259]: [    2.251905] sram ffeb0000.psu_r5_1_btcm_global: could not map SRAM registers
Aug 14 13:53:28.462610 msap1 kernel[259]: [    2.258962] sram ffeb0000.psu_r5_1_btcm_global: probe with driver sram failed with error -16
Aug 14 13:53:28.462617 msap1 kernel[259]: [    2.268049] sram ffe90000.psu_r5_1_atcm_global: error -EBUSY: can't request region for resource [mem 0xffe90000-0xffe9ffff]
Aug 14 13:53:28.462624 msap1 kernel[259]: [    2.279206] sram ffe90000.psu_r5_1_atcm_global: could not map SRAM registers
Aug 14 13:53:28.462631 msap1 kernel[259]: [    2.286273] sram ffe90000.psu_r5_1_atcm_global: probe with driver sram failed with error -16
Aug 14 13:53:28.462638 msap1 kernel[259]: [    2.295368] of-fpga-region fpga-region: FPGA Region probed
Aug 14 13:53:28.462644 msap1 kernel[259]: [    2.307468] xilinx-zynqmp-dpdma fd4c0000.dma-controller: Xilinx DPDMA engine is probed
Aug 14 13:53:28.462651 msap1 kernel[259]: [    2.708218] [drm] Initialized zynqmp-dpsub 1.0.0 for fd4a0000.display on minor 0
Aug 14 13:53:28.462658 msap1 kernel[259]: [    3.756534] zynqmp-dpsub fd4a0000.display: [drm] Cannot find any crtc or sizes
Aug 14 13:53:28.462693 msap1 kernel[259]: [    3.765360] zynqmp-dpsub fd4a0000.display: ZynqMP DisplayPort Subsystem driver probed
Aug 14 13:53:28.462701 msap1 kernel[259]: [    3.775081] spi-nor spi0.0: supply vcc not found, using dummy regulator
Aug 14 13:53:28.462707 msap1 kernel[259]: [    3.780052] tpm_tis_spi spi2.0: 2.0 TPM (device-id 0x1B, rev-id 22)
Aug 14 13:53:28.462714 msap1 kernel[259]: [    3.790006] 17 fixed-partitions partitions found on MTD device spi0.0
Aug 14 13:53:28.462721 msap1 kernel[259]: [    3.796481] Creating 17 MTD partitions on "spi0.0":
Aug 14 13:53:28.462728 msap1 kernel[259]: [    3.801362] 0x000000000000-0x000000080000 : "Image Selector"
Aug 14 13:53:28.462735 msap1 kernel[259]: [    3.807981] 0x000000080000-0x000000100000 : "Image Selector Golden"
Aug 14 13:53:28.462742 msap1 kernel[259]: [    3.815228] 0x000000100000-0x000000120000 : "Persistent Register"
Aug 14 13:53:28.462753 msap1 kernel[259]: [    3.822298] 0x000000120000-0x000000140000 : "Persistent Register Backup"
Aug 14 13:53:28.462761 msap1 kernel[259]: [    3.829906] 0x000000140000-0x000000200000 : "Open_1"
Aug 14 13:53:28.462767 msap1 kernel[259]: [    3.835750] 0x000000200000-0x000000f00000 : "Image A (FSBL, PMU, ATF, U-Boot)"
Aug 14 13:53:28.462774 msap1 kernel[259]: [    3.843873] 0x000000f00000-0x000000f80000 : "ImgSel Image A Catch"
Aug 14 13:53:28.462781 msap1 kernel[259]: [    3.850974] 0x000000f80000-0x000001c80000 : "Image B (FSBL, PMU, ATF, U-Boot)"
Aug 14 13:53:28.462816 msap1 kernel[259]: [    3.859229] 0x000001c80000-0x000001d00000 : "ImgSel Image B Catch"
Aug 14 13:53:28.462823 msap1 kernel[259]: [    3.866309] 0x000001d00000-0x000001e00000 : "Open_2"
Aug 14 13:53:28.462830 msap1 kernel[259]: [    3.872151] 0x000001e00000-0x000002000000 : "Recovery Image"
Aug 14 13:53:28.462839 msap1 kernel[259]: [    3.878712] 0x000002000000-0x000002200000 : "Recovery Image Backup"
Aug 14 13:53:28.462846 msap1 kernel[259]: [    3.885921] 0x000002200000-0x000002220000 : "U-Boot storage variables"
Aug 14 13:53:28.462853 msap1 kernel[259]: [    3.893433] 0x000002220000-0x000002240000 : "U-Boot storage variables backup"
Aug 14 13:53:28.462860 msap1 kernel[259]: [    3.901601] 0x000002240000-0x000002280000 : "SHA256"
Aug 14 13:53:28.462867 msap1 kernel[259]: [    3.907521] 0x000002280000-0x0000022a0000 : "Secure OS Storage"
Aug 14 13:53:28.462874 msap1 kernel[259]: [    3.914350] 0x0000022a0000-0x000004000000 : "User"
Aug 14 13:53:28.462880 msap1 kernel[259]: [    3.921102] macb ff0b0000.ethernet (unnamed net_device) (uninitialized): Defer probe as mdio producer ff0c0000.ethernet is not probed
Aug 14 13:53:28.462887 msap1 kernel[259]: [    4.800518] zynqmp-dpsub fd4a0000.display: [drm] Cannot find any crtc or sizes
Aug 14 13:53:28.462894 msap1 kernel[259]: [    5.186539] Freeing initrd memory: 88940K
Aug 14 13:53:28.462901 msap1 kernel[259]: [    5.198045] xilinx-axipmon ffa00000.perf-monitor: Probed Xilinx APM
Aug 14 13:53:28.462937 msap1 kernel[259]: [    5.204773] xilinx-axipmon fd0b0000.perf-monitor: Probed Xilinx APM
Aug 14 13:53:28.462944 msap1 kernel[259]: [    5.211391] xilinx-axipmon fd490000.perf-monitor: Probed Xilinx APM
Aug 14 13:53:28.462951 msap1 kernel[259]: [    5.217989] xilinx-axipmon ffa10000.perf-monitor: Probed Xilinx APM
Aug 14 13:53:28.462958 msap1 kernel[259]: [    5.225617] i2c i2c-1: using pinctrl states for GPIO recovery
Aug 14 13:53:28.462965 msap1 kernel[259]: [    5.231553] i2c i2c-1: using generic GPIOs for recovery
Aug 14 13:53:28.462974 msap1 kernel[259]: [    5.237179] pca954x 1-0074: supply vdd not found, using dummy regulator
Aug 14 13:53:28.462983 msap1 kernel[259]: [    5.244250] i2c i2c-1: Added multiplexed i2c bus 3
Aug 14 13:53:28.462990 msap1 kernel[259]: [    5.249279] i2c i2c-1: Added multiplexed i2c bus 4
Aug 14 13:53:28.462996 msap1 kernel[259]: [    5.254201] i2c i2c-1: Added multiplexed i2c bus 5
Aug 14 13:53:28.463003 msap1 kernel[259]: [    5.259105] i2c i2c-1: Added multiplexed i2c bus 6
Aug 14 13:53:28.463010 msap1 kernel[259]: [    5.263900] pca954x 1-0074: registered 4 multiplexed busses for I2C switch pca9546
Aug 14 13:53:28.463017 msap1 kernel[259]: [    5.272602] ina2xx 1-0040: power monitor ina260 (Rshunt = 2000 uOhm)
Aug 14 13:53:28.463023 msap1 kernel[259]: [    5.279096] at24 1-0050: supply vcc not found, using dummy regulator
Aug 14 13:53:28.463030 msap1 kernel[259]: [    5.285755] at24 1-0050: 8192 byte 24c64 EEPROM, writable, 1 bytes/write
Aug 14 13:53:28.463060 msap1 kernel[259]: [    5.292608] at24 1-0051: supply vcc not found, using dummy regulator
Aug 14 13:53:28.463067 msap1 kernel[259]: [    5.299255] at24 1-0051: 8192 byte 24c64 EEPROM, writable, 1 bytes/write
Aug 14 13:53:28.463074 msap1 kernel[259]: [    5.306194] cdns-i2c ff030000.i2c: 400 kHz mmio ff030000 irq 50
Aug 14 13:53:28.463081 msap1 kernel[259]: [    5.313867] cdns-wdt fd4d0000.watchdog: Xilinx Watchdog Timer with timeout 60s
Aug 14 13:53:28.463088 msap1 kernel[259]: [    5.321397] cdns-wdt ff150000.watchdog: Xilinx Watchdog Timer with timeout 10s
Aug 14 13:53:28.463095 msap1 kernel[259]: [    5.329055] cpufreq: cpufreq_policy_online: CPU0: Running at unlisted initial frequency: 1333333 kHz, changing to: 1334000 kHz
Aug 14 13:53:28.463102 msap1 kernel[259]: [    5.341319] macb ff0b0000.ethernet (unnamed net_device) (uninitialized): Defer probe as mdio producer ff0c0000.ethernet is not probed
Aug 14 13:53:28.463109 msap1 kernel[259]: [    5.369255] macb ff0c0000.ethernet eth0: Cadence GEM rev 0x50070106 at 0xff0c0000 irq 47 (00:0a:35:25:8e:70)
Aug 14 13:53:28.463117 msap1 kernel[259]: [    5.402220] xhci-hcd xhci-hcd.1.auto: xHCI Host Controller
Aug 14 13:53:28.463124 msap1 kernel[259]: [    5.407753] xhci-hcd xhci-hcd.1.auto: new USB bus registered, assigned bus number 1
Aug 14 13:53:28.463159 msap1 kernel[259]: [    5.415518] xhci-hcd xhci-hcd.1.auto: hcc params 0x0238f625 hci version 0x100 quirks 0x0000808002000810
Aug 14 13:53:28.463166 msap1 kernel[259]: [    5.424950] xhci-hcd xhci-hcd.1.auto: irq 53, io mem 0xfe200000
Aug 14 13:53:28.463173 msap1 kernel[259]: [    5.430977] xhci-hcd xhci-hcd.1.auto: xHCI Host Controller
Aug 14 13:53:28.463180 msap1 kernel[259]: [    5.436466] xhci-hcd xhci-hcd.1.auto: new USB bus registered, assigned bus number 2
Aug 14 13:53:28.463189 msap1 kernel[259]: [    5.444126] xhci-hcd xhci-hcd.1.auto: Host supports USB 3.0 SuperSpeed
Aug 14 13:53:28.463196 msap1 kernel[259]: [    5.450822] usb usb1: New USB device found, idVendor=1d6b, idProduct=0002, bcdDevice= 6.18
Aug 14 13:53:28.463203 msap1 kernel[259]: [    5.459096] usb usb1: New USB device strings: Mfr=3, Product=2, SerialNumber=1
Aug 14 13:53:28.463209 msap1 kernel[259]: [    5.466324] usb usb1: Product: xHCI Host Controller
Aug 14 13:53:28.463216 msap1 kernel[259]: [    5.471196] usb usb1: Manufacturer: Linux 6.18.10-xilinx-g4f7afe14f724 xhci-hcd
Aug 14 13:53:28.463223 msap1 kernel[259]: [    5.478502] usb usb1: SerialNumber: xhci-hcd.1.auto
Aug 14 13:53:28.463230 msap1 kernel[259]: [    5.483757] hub 1-0:1.0: USB hub found
Aug 14 13:53:28.463236 msap1 kernel[259]: [    5.487527] hub 1-0:1.0: 1 port detected
Aug 14 13:53:28.463243 msap1 kernel[259]: [    5.517917] usb usb2: New USB device found, idVendor=1d6b, idProduct=0003, bcdDevice= 6.18
Aug 14 13:53:28.463278 msap1 kernel[259]: [    5.526188] usb usb2: New USB device strings: Mfr=3, Product=2, SerialNumber=1
Aug 14 13:53:28.463287 msap1 kernel[259]: [    5.533423] usb usb2: Product: xHCI Host Controller
Aug 14 13:53:28.463294 msap1 kernel[259]: [    5.538295] usb usb2: Manufacturer: Linux 6.18.10-xilinx-g4f7afe14f724 xhci-hcd
Aug 14 13:53:28.463301 msap1 kernel[259]: [    5.545610] usb usb2: SerialNumber: xhci-hcd.1.auto
Aug 14 13:53:28.463308 msap1 kernel[259]: [    5.550764] hub 2-0:1.0: USB hub found
Aug 14 13:53:28.463315 msap1 kernel[259]: [    5.554531] hub 2-0:1.0: 1 port detected
Aug 14 13:53:28.463321 msap1 kernel[259]: [    5.587488] xhci-hcd xhci-hcd.2.auto: xHCI Host Controller
Aug 14 13:53:28.463328 msap1 kernel[259]: [    5.593018] xhci-hcd xhci-hcd.2.auto: new USB bus registered, assigned bus number 3
Aug 14 13:53:28.463335 msap1 kernel[259]: [    5.600774] xhci-hcd xhci-hcd.2.auto: hcc params 0x0238f625 hci version 0x100 quirks 0x0000808002000810
Aug 14 13:53:28.463342 msap1 kernel[259]: [    5.610208] xhci-hcd xhci-hcd.2.auto: irq 54, io mem 0xfe300000
Aug 14 13:53:28.463349 msap1 kernel[259]: [    5.616237] xhci-hcd xhci-hcd.2.auto: xHCI Host Controller
Aug 14 13:53:28.463355 msap1 kernel[259]: [    5.621737] xhci-hcd xhci-hcd.2.auto: new USB bus registered, assigned bus number 4
Aug 14 13:53:28.463362 msap1 kernel[259]: [    5.629401] xhci-hcd xhci-hcd.2.auto: Host supports USB 3.0 SuperSpeed
Aug 14 13:53:28.463399 msap1 kernel[259]: [    5.636128] usb usb3: New USB device found, idVendor=1d6b, idProduct=0002, bcdDevice= 6.18
Aug 14 13:53:28.463408 msap1 kernel[259]: [    5.644399] usb usb3: New USB device strings: Mfr=3, Product=2, SerialNumber=1
Aug 14 13:53:28.463415 msap1 kernel[259]: [    5.651618] usb usb3: Product: xHCI Host Controller
Aug 14 13:53:28.463422 msap1 kernel[259]: [    5.656497] usb usb3: Manufacturer: Linux 6.18.10-xilinx-g4f7afe14f724 xhci-hcd
Aug 14 13:53:28.463430 msap1 kernel[259]: [    5.663800] usb usb3: SerialNumber: xhci-hcd.2.auto
Aug 14 13:53:28.463437 msap1 kernel[259]: [    5.669028] hub 3-0:1.0: USB hub found
Aug 14 13:53:28.463444 msap1 kernel[259]: [    5.672798] hub 3-0:1.0: 1 port detected
Aug 14 13:53:28.463451 msap1 kernel[259]: [    5.704298] usb usb4: New USB device found, idVendor=1d6b, idProduct=0003, bcdDevice= 6.18
Aug 14 13:53:28.463457 msap1 kernel[259]: [    5.712560] usb usb4: New USB device strings: Mfr=3, Product=2, SerialNumber=1
Aug 14 13:53:28.463464 msap1 kernel[259]: [    5.719782] usb usb4: Product: xHCI Host Controller
Aug 14 13:53:28.463471 msap1 kernel[259]: [    5.724654] usb usb4: Manufacturer: Linux 6.18.10-xilinx-g4f7afe14f724 xhci-hcd
Aug 14 13:53:28.463478 msap1 kernel[259]: [    5.731954] usb usb4: SerialNumber: xhci-hcd.2.auto
Aug 14 13:53:28.463485 msap1 kernel[259]: [    5.737101] hub 4-0:1.0: USB hub found
Aug 14 13:53:28.463492 msap1 kernel[259]: [    5.740868] hub 4-0:1.0: 1 port detected
Aug 14 13:53:28.463534 msap1 kernel[259]: [    5.884469] usb 1-1: new high-speed USB device number 2 using xhci-hcd
Aug 14 13:53:28.463541 msap1 kernel[259]: [    5.890485] macb ff0b0000.ethernet eth1: Cadence GEM rev 0x50070106 at 0xff0b0000 irq 46 (00:0a:35:28:b7:f0)
Aug 14 13:53:28.463549 msap1 kernel[259]: [    5.901408] input: gpio-keys as /devices/platform/gpio-keys/input/input0
Aug 14 13:53:28.463555 msap1 kernel[259]: [    5.908534] of_cfs_init
Aug 14 13:53:28.463562 msap1 kernel[259]: [    5.910988] of_cfs_init: OK
Aug 14 13:53:28.463569 msap1 kernel[259]: [    5.913900] clk: Disabling unused clocks
Aug 14 13:53:28.463577 msap1 kernel[259]: [    5.919316] PM: genpd: Disabling unused power domains
Aug 14 13:53:28.463584 msap1 kernel[259]: [    5.924503] ALSA device list:
Aug 14 13:53:28.463591 msap1 kernel[259]: [    5.927460]   #0: DisplayPort Monitor
Aug 14 13:53:28.463598 msap1 kernel[259]: [    5.932839] Freeing unused kernel memory: 4608K
Aug 14 13:53:28.463607 msap1 kernel[259]: [    5.937462] Run /init as init process
Aug 14 13:53:28.463614 msap1 kernel[259]: [    5.941128]   with arguments:
Aug 14 13:53:28.463621 msap1 kernel[259]: [    5.941132]     /init
Aug 14 13:53:28.463627 msap1 kernel[259]: [    5.941136]   with environment:
Aug 14 13:53:28.463634 msap1 kernel[259]: [    5.941139]     HOME=/
Aug 14 13:53:28.463641 msap1 kernel[259]: [    5.941143]     TERM=linux
Aug 14 13:53:28.463647 msap1 kernel[259]: [    5.941147]     init_fatal_sh=1
Aug 14 13:53:28.463682 msap1 kernel[259]: [    5.990526] systemd[1]: systemd 255.21^ running in system mode (-PAM -AUDIT -SELINUX -APPARMOR +IMA -SMACK +SECCOMP -GCRYPT -GNUTLS -OPENSSL +ACL +BLKID -CURL -ELFUTILS -FIDO2 -IDN2 -IDN -IPTC +KMOD -LIBCRYPTSETUP +LIBFDISK -PCRE2 -PWQUALITY -P11KIT -QRENCODE -TPM2 -BZIP2 -LZ4 -XZ -ZLIB +ZSTD -BPF_FRAMEWORK +XKBCOMMON +UTMP +SYSVINIT default-hierarchy=unified)
Aug 14 13:53:28.481085 msap1 kernel[259]: [    6.022485] systemd[1]: Detected architecture arm64.
Aug 14 13:53:28.481126 msap1 kernel[259]: [    6.037010] usb 1-1: New USB device found, idVendor=0424, idProduct=2744, bcdDevice= 2.21
Aug 14 13:53:28.481135 msap1 kernel[259]: [    6.045199] usb 1-1: New USB device strings: Mfr=1, Product=2, SerialNumber=0
Aug 14 13:53:28.481143 msap1 kernel[259]: [    6.052334] usb 1-1: Product: USB2744
Aug 14 13:53:28.487067 msap1 systemd[1]: Starting Start fan control, if configured...
Aug 14 13:53:28.481154 msap1 kernel[259]: [    6.055997] usb 1-1: Manufacturer: Microchip Tech
Aug 14 13:53:28.481162 msap1 kernel[259]: [    6.064592] systemd[1]: Hostname set to <msap1>.
Aug 14 13:53:28.481169 msap1 kernel[259]: [    6.069322] systemd[1]: Initializing machine ID from random generator.
Aug 14 13:53:28.481177 msap1 kernel[259]: [    6.080480] usb 3-1: new high-speed USB device number 2 using xhci-hcd
Aug 14 13:53:28.481184 msap1 kernel[259]: [    6.128724] hub 1-1:1.0: USB hub found
Aug 14 13:53:28.481191 msap1 kernel[259]: [    6.133424] hub 1-1:1.0: 4 ports detected
Aug 14 13:53:28.481246 msap1 kernel[259]: [    6.186718] usb 2-1: new SuperSpeed USB device number 2 using xhci-hcd
Aug 14 13:53:28.481254 msap1 kernel[259]: [    6.208980] usb 2-1: New USB device found, idVendor=0424, idProduct=5744, bcdDevice= 2.21
Aug 14 13:53:28.481261 msap1 kernel[259]: [    6.217183] usb 2-1: New USB device strings: Mfr=2, Product=3, SerialNumber=0
Aug 14 13:53:28.481268 msap1 kernel[259]: [    6.224321] usb 2-1: Product: USB5744
Aug 14 13:53:28.481276 msap1 kernel[259]: [    6.227991] usb 2-1: Manufacturer: Microchip Tech
Aug 14 13:53:28.481287 msap1 kernel[259]: [    6.233564] usb 3-1: New USB device found, idVendor=0424, idProduct=2744, bcdDevice= 2.21
Aug 14 13:53:28.481295 msap1 kernel[259]: [    6.241787] usb 3-1: New USB device strings: Mfr=1, Product=2, SerialNumber=0
Aug 14 13:53:28.481302 msap1 kernel[259]: [    6.248921] usb 3-1: Product: USB2744
Aug 14 13:53:28.481309 msap1 kernel[259]: [    6.252582] usb 3-1: Manufacturer: Microchip Tech
Aug 14 13:53:28.481316 msap1 kernel[259]: [    6.298918] hub 2-1:1.0: USB hub found
Aug 14 13:53:28.481324 msap1 kernel[259]: [    6.302878] hub 2-1:1.0: 3 ports detected
Aug 14 13:53:28.481332 msap1 kernel[259]: [    6.308114] hub 3-1:1.0: USB hub found
Aug 14 13:53:28.481339 msap1 kernel[259]: [    6.311916] hub 3-1:1.0: 3 ports detected
Aug 14 13:53:28.481346 msap1 kernel[259]: [    6.372079] usb 4-1: new SuperSpeed USB device number 2 using xhci-hcd
Aug 14 13:53:28.481352 msap1 kernel[259]: [    6.391725] systemd[1]: Queued start job for default target Multi-User System.
Aug 14 13:53:28.481392 msap1 kernel[259]: [    6.399490] usb 4-1: New USB device found, idVendor=0424, idProduct=5744, bcdDevice= 2.21
Aug 14 13:53:28.481399 msap1 kernel[259]: [    6.401766] systemd[1]: Created slice Slice /system/getty.
Aug 14 13:53:28.481406 msap1 kernel[259]: [    6.407685] usb 4-1: New USB device strings: Mfr=2, Product=3, SerialNumber=0
Aug 14 13:53:28.481413 msap1 kernel[259]: [    6.420332] usb 4-1: Product: USB5744
Aug 14 13:53:28.481420 msap1 kernel[259]: [    6.420337] usb 4-1: Manufacturer: Microchip Tech
Aug 14 13:53:28.481427 msap1 kernel[259]: [    6.441344] systemd[1]: Created slice Slice /system/modprobe.
Aug 14 13:53:28.481433 msap1 kernel[259]: [    6.461179] systemd[1]: Created slice Slice /system/serial-getty.
Aug 14 13:53:28.481440 msap1 kernel[259]: [    6.481263] systemd[1]: Created slice Slice /system/systemd-fsck.
Aug 14 13:53:28.481447 msap1 kernel[259]: [    6.487630] hub 4-1:1.0: USB hub found
Aug 14 13:53:28.481454 msap1 kernel[259]: [    6.496948] usb 1-1.1: new high-speed USB device number 3 using xhci-hcd
Aug 14 13:53:28.481461 msap1 kernel[259]: [    6.497092] hub 4-1:1.0: 2 ports detected
Aug 14 13:53:28.481470 msap1 kernel[259]: [    6.512955] systemd[1]: Created slice User and Session Slice.
Aug 14 13:53:28.481477 msap1 kernel[259]: [    6.532692] systemd[1]: Started Dispatch Password Requests to Console Directory Watch.
Aug 14 13:53:28.481487 msap1 kernel[259]: [    6.552652] systemd[1]: Started Forward Password Requests to Wall Directory Watch.
Aug 14 13:53:28.481526 msap1 kernel[259]: [    6.572577] systemd[1]: Expecting device /dev/sda1...
Aug 14 13:53:28.481533 msap1 kernel[259]: [    6.584817] systemd[1]: Reached target Path Units.
Aug 14 13:53:28.481540 msap1 kernel[259]: [    6.596567] systemd[1]: Reached target Remote File Systems.
Aug 14 13:53:28.481547 msap1 kernel[259]: [    6.602871] usb 1-1.1: New USB device found, idVendor=0424, idProduct=2240, bcdDevice= 1.98
Aug 14 13:53:28.481554 msap1 kernel[259]: [    6.616412] usb 1-1.1: New USB device strings: Mfr=1, Product=2, SerialNumber=3
Aug 14 13:53:28.481561 msap1 kernel[259]: [    6.624122] usb 1-1.1: Product: Ultra Fast Media
Aug 14 13:53:28.481568 msap1 kernel[259]: [    6.624236] systemd[1]: Reached target Slice Units.
Aug 14 13:53:28.481575 msap1 kernel[259]: [    6.628823] usb 1-1.1: Manufacturer: Generic
Aug 14 13:53:28.481582 msap1 kernel[259]: [    6.637956] usb 1-1.1: SerialNumber: 000000225001
Aug 14 13:53:28.481589 msap1 kernel[259]: [    6.638716] usb-storage 1-1.1:1.0: USB Mass Storage device detected
Aug 14 13:53:28.481596 msap1 kernel[259]: [    6.649256] scsi host0: usb-storage 1-1.1:1.0
Aug 14 13:53:28.481603 msap1 kernel[259]: [    6.658792] usb 3-1.3: new high-speed USB device number 3 using xhci-hcd
Aug 14 13:53:28.481610 msap1 kernel[259]: [    6.658970] systemd[1]: Reached target Swaps.
Aug 14 13:53:28.481619 msap1 kernel[259]: [    6.677082] systemd[1]: Listening on RPCbind Server Activation Socket.
Aug 14 13:53:28.481626 msap1 kernel[259]: [    6.696578] systemd[1]: Reached target RPC Port Mapper.
Aug 14 13:53:28.481662 msap1 kernel[259]: [    6.712896] systemd[1]: Listening on Syslog Socket.
Aug 14 13:53:28.481669 msap1 kernel[259]: [    6.724716] systemd[1]: Listening on initctl Compatibility Named Pipe.
Aug 14 13:53:28.481676 msap1 kernel[259]: [    6.744469] usb 1-1.4: new high-speed USB device number 4 using xhci-hcd
Aug 14 13:53:28.481684 msap1 kernel[259]: [    6.745170] systemd[1]: Listening on Journal Audit Socket.
Aug 14 13:53:28.481690 msap1 kernel[259]: [    6.753193] usb 3-1.3: New USB device found, idVendor=0424, idProduct=2740, bcdDevice= 2.00
Aug 14 13:53:28.481697 msap1 kernel[259]: [    6.765015] usb 3-1.3: New USB device strings: Mfr=1, Product=2, SerialNumber=0
Aug 14 13:53:28.481704 msap1 kernel[259]: [    6.772328] usb 3-1.3: Product: Hub Controller
Aug 14 13:53:28.481714 msap1 kernel[259]: [    6.776779] usb 3-1.3: Manufacturer: Microchip Tech
Aug 14 13:53:28.481721 msap1 kernel[259]: [    6.796887] systemd[1]: Listening on Journal Socket (/dev/log).
Aug 14 13:53:28.481728 msap1 kernel[259]: [    6.816857] systemd[1]: Listening on Journal Socket.
Aug 14 13:53:28.481735 msap1 kernel[259]: [    6.828953] systemd[1]: Listening on Network Service Netlink Socket.
Aug 14 13:53:28.481742 msap1 kernel[259]: [    6.848872] systemd[1]: Listening on udev Control Socket.
Aug 14 13:53:28.481749 msap1 kernel[259]: [    6.857222] usb 1-1.4: New USB device found, idVendor=0424, idProduct=2740, bcdDevice= 2.00
Aug 14 13:53:28.481786 msap1 kernel[259]: [    6.868434] usb 1-1.4: New USB device strings: Mfr=1, Product=2, SerialNumber=0
Aug 14 13:53:28.481795 msap1 kernel[259]: [    6.876066] usb 1-1.4: Product: Hub Controller
Aug 14 13:53:28.481803 msap1 kernel[259]: [    6.880514] usb 1-1.4: Manufacturer: Microchip Tech
Aug 14 13:53:28.481810 msap1 kernel[259]: [    6.880862] systemd[1]: Listening on udev Kernel Socket.
Aug 14 13:53:28.481816 msap1 kernel[259]: [    6.904841] systemd[1]: Listening on User Database Manager Socket.
Aug 14 13:53:28.481823 msap1 kernel[259]: [    6.940734] systemd[1]: Mounting Huge Pages File System...
Aug 14 13:53:28.481831 msap1 kernel[259]: [    6.954323] systemd[1]: Mounting POSIX Message Queue File System...
Aug 14 13:53:28.481838 msap1 kernel[259]: [    6.974540] systemd[1]: Mounting Kernel Debug File System...
Aug 14 13:53:28.481844 msap1 kernel[259]: [    6.990470] systemd[1]: Mounting Kernel Trace File System...
Aug 14 13:53:28.481851 msap1 kernel[259]: [    7.006631] systemd[1]: Mounting Temporary Directory /tmp...
Aug 14 13:53:28.481859 msap1 kernel[259]: [    7.020954] systemd[1]: Create List of Static Device Nodes was skipped because of an unmet condition check (ConditionFileNotEmpty=/lib/modules/6.18.10-xilinx-g4f7afe14f724/modules.devname).
Aug 14 13:53:28.481865 msap1 kernel[259]: [    7.040240] systemd[1]: Starting Load Kernel Module configfs...
Aug 14 13:53:28.481873 msap1 kernel[259]: [    7.055040] systemd[1]: Starting Load Kernel Module drm...
Aug 14 13:53:28.481905 msap1 kernel[259]: [    7.070965] systemd[1]: Starting Load Kernel Module fuse...
Aug 14 13:53:28.481912 msap1 kernel[259]: [    7.086985] systemd[1]: Starting RPC Bind...
Aug 14 13:53:28.481919 msap1 kernel[259]: [    7.096781] systemd[1]: File System Check on Root Device was skipped because of an unmet condition check (ConditionPathIsReadWrite=!/).
Aug 14 13:53:28.481926 msap1 kernel[259]: [    7.109822] systemd[1]: systemd-journald.service: unit configures an IP firewall, but the local system does not support BPF/cgroup firewalling.
Aug 14 13:53:28.481937 msap1 kernel[259]: [    7.122738] systemd[1]: systemd-journald.service: (This warning is only shown for the first unit using IP firewalling.)
Aug 14 13:53:28.481945 msap1 kernel[259]: [    7.135570] systemd[1]: Starting Journal Service...
Aug 14 13:53:28.481952 msap1 kernel[259]: [    7.151096] systemd[1]: Starting Load Kernel Modules...
Aug 14 13:53:28.481959 msap1 kernel[259]: [    7.166705] systemd[1]: Starting Generate network units from Kernel command line...
Aug 14 13:53:28.481966 msap1 kernel[259]: [    7.177549] msap1_dma: loading out-of-tree module taints kernel.
Aug 14 13:53:28.481973 msap1 kernel[259]: [    7.194857] systemd[1]: Starting Remount Root and Kernel File Systems...
Aug 14 13:53:28.481980 msap1 kernel[259]: [    7.205849] systemd-journald[128]: Collecting audit messages is enabled.
Aug 14 13:53:28.482018 msap1 kernel[259]: [    7.222669] systemd[1]: Starting Create Static Device Nodes in /dev gracefully...
Aug 14 13:53:28.482025 msap1 kernel[259]: [    7.246769] systemd[1]: Starting Coldplug All udev Devices...
Aug 14 13:53:28.482032 msap1 kernel[259]: [    7.264270] systemd[1]: Started RPC Bind.
Aug 14 13:53:28.482039 msap1 kernel[259]: [    7.277147] systemd[1]: Mounted Huge Pages File System.
Aug 14 13:53:28.482046 msap1 kernel[259]: [    7.292928] systemd[1]: Mounted POSIX Message Queue File System.
Aug 14 13:53:28.482053 msap1 kernel[259]: [    7.312873] systemd[1]: Started Journal Service.
Aug 14 13:53:28.482060 msap1 kernel[259]: [    7.531388] systemd-journald[128]: Received client request to flush runtime journal.
Aug 14 13:53:28.482067 msap1 kernel[259]: [    7.681304] scsi 0:0:0:0: Direct-Access     Generic  Ultra HS-COMBO   1.98 PQ: 0 ANSI: 0
Aug 14 13:53:28.482073 msap1 kernel[259]: [    7.693281] sd 0:0:0:0: [sda] 62333952 512-byte logical blocks: (31.9 GB/29.7 GiB)
Aug 14 13:53:28.482082 msap1 kernel[259]: [    7.702287] sd 0:0:0:0: [sda] Write Protect is off
Aug 14 13:53:28.482089 msap1 kernel[259]: [    7.711803] sd 0:0:0:0: [sda] Mode Sense: 23 00 00 00
Aug 14 13:53:28.482096 msap1 kernel[259]: [    7.713948] sd 0:0:0:0: [sda] No Caching mode page found
Aug 14 13:53:28.482102 msap1 kernel[259]: [    7.719322] sd 0:0:0:0: [sda] Assuming drive cache: write through
Aug 14 13:53:28.482110 msap1 kernel[259]: [    7.807434]  sda: sda1
Aug 14 13:53:28.482116 msap1 kernel[259]: [    7.811486] sd 0:0:0:0: [sda] Attached SCSI removable disk
Aug 14 13:53:28.482146 msap1 kernel[259]: [    8.287145] macb ff0b0000.ethernet end0: renamed from eth1
Aug 14 13:53:28.482156 msap1 kernel[259]: [    8.312219] macb ff0c0000.ethernet end1: renamed from eth0
Aug 14 13:53:28.482163 msap1 kernel[259]: [    8.752512] random: crng init done
Aug 14 13:53:28.482170 msap1 kernel[259]: [    9.033613] macb ff0b0000.ethernet end0: PHY [ff0c0000.ethernet-ffffffff:04] driver [TI DP83867] (irq=POLL)
Aug 14 13:53:28.482177 msap1 kernel[259]: [    9.043563] macb ff0b0000.ethernet end0: configuring for phy/sgmii link mode
Aug 14 13:53:28.482184 msap1 kernel[259]: [    9.051070] macb ff0b0000.ethernet: gem-ptp-timer ptp clock registered.
Aug 14 13:53:28.482191 msap1 kernel[259]: [    9.064373] macb ff0c0000.ethernet end1: PHY [ff0c0000.ethernet-ffffffff:08] driver [TI DP83867] (irq=POLL)
Aug 14 13:53:28.482198 msap1 kernel[259]: [    9.074319] macb ff0c0000.ethernet end1: configuring for phy/rgmii-id link mode
Aug 14 13:53:28.482205 msap1 kernel[259]: [    9.082248] macb ff0c0000.ethernet: gem-ptp-timer ptp clock registered.
Aug 14 13:53:28.482212 msap1 kernel[259]: [   11.168299] EXT4-fs (sda1): mounted filesystem 25cd7e2b-468e-4274-aa61-f9f21428438f r/w with ordered data mode. Quota mode: none.
Aug 14 13:53:28.501598 msap1 systemd[1]: Started Getty on tty1.
Aug 14 13:53:28.515659 msap1 systemd[1]: Starting MSAP1 persistent settings authority...
Aug 14 13:53:28.531214 msap1 systemd[1]: Starting Telephony service...
Aug 14 13:53:28.543602 msap1 systemd[1]: Started Serial Getty on ttyPS1.
Aug 14 13:53:28.557148 msap1 systemd[1]: Reached target Login Prompts.
Aug 14 13:53:28.560333 msap1 systemd[1]: Starting User Login Management...
Aug 14 13:53:28.579191 msap1 systemd[1]: Starting OpenSSH Key Generation...
Aug 14 13:53:28.590482 msap1 systemd[1]: Started D-Bus System Message Bus.
Aug 14 13:53:28.613990 msap1 systemd[1]: Started dfx-mgrd Dynamic Function eXchange.
Aug 14 13:53:28.633307 msap1 systemd[1]: Started Start fan control, if configured.
Aug 14 13:53:28.639968 msap1 sshd_check_keys[272]:   generating ssh RSA host key...
Aug 14 13:53:28.643810 msap1 (d-logind)[271]: systemd-logind.service: ProtectHostname=yes is configured, but the kernel does not support UTS namespaces, ignoring namespace setup.
Aug 14 13:53:28.654231 msap1 avahi-daemon[258]: Successfully dropped root privileges.
Aug 14 13:53:28.656261 msap1 systemd[1]: Starting dfx-mgrd Default Firmware Load Service...
Aug 14 13:53:28.654761 msap1 avahi-daemon[258]: avahi-daemon 0.8 starting up.
Aug 14 13:53:28.660995 msap1 avahi-daemon[258]: Successfully called chroot().
Aug 14 13:53:28.661033 msap1 avahi-daemon[258]: Successfully dropped remaining capabilities.
Aug 14 13:53:28.663797 msap1 avahi-daemon[258]: No service file found in /etc/avahi/services.
Aug 14 13:53:28.664422 msap1 avahi-daemon[258]: Joining mDNS multicast group on interface lo.IPv6 with address ::1.
Aug 14 13:53:28.664470 msap1 avahi-daemon[258]: New relevant interface lo.IPv6 for mDNS.
Aug 14 13:53:28.664485 msap1 avahi-daemon[258]: Joining mDNS multicast group on interface lo.IPv4 with address 127.0.0.1.
Aug 14 13:53:28.664514 msap1 avahi-daemon[258]: New relevant interface lo.IPv4 for mDNS.
Aug 14 13:53:28.664526 msap1 avahi-daemon[258]: Network interface enumeration completed.
Aug 14 13:53:28.664546 msap1 avahi-daemon[258]: Registering new address record for ::1 on lo.*.
Aug 14 13:53:28.664646 msap1 avahi-daemon[258]: Registering new address record for 127.0.0.1 on lo.IPv4.
Aug 14 13:53:28.665860 msap1 fancontrol[278]: Loading configuration from /etc/fancontrol ...
Aug 14 13:53:28.673409 msap1 systemd[1]: Started Telephony service.
Aug 14 13:53:28.682094 msap1 systemd[1]: Started Avahi mDNS/DNS-SD Stack.
Aug 14 13:53:28.719434 msap1 msap1-settings[266]: settings authority initialized
Aug 14 13:53:28.725383 msap1 msap1-settings[266]: MSAP1 settings is ready
Aug 14 13:53:28.725659 msap1 systemd[1]: Started MSAP1 persistent settings authority.
Aug 14 13:53:28.725969 msap1 systemd-logind[271]: New seat seat0.
Aug 14 13:53:28.780716 msap1 fancontrol[278]: Common settings:
Aug 14 13:53:28.781001 msap1 fancontrol[278]:   INTERVAL=5
Aug 14 13:53:28.817601 msap1 kernel: macb ff0b0000.ethernet end0: unable to generate target frequency: 125000000 Hz
Aug 14 13:53:28.923937 msap1 kernel: macb ff0b0000.ethernet end0: Link is Up - 1Gbps/Full - flow control off
Aug 14 13:53:28.925621 msap1 kernel: OF: overlay: WARNING: memory leak will occur if overlay removed, property: /fpga-region/firmware-name
Aug 14 13:53:28.925694 msap1 kernel: OF: overlay: WARNING: memory leak will occur if overlay removed, property: /__symbols__/misc_clk_0
Aug 14 13:53:28.925758 msap1 kernel: OF: overlay: WARNING: memory leak will occur if overlay removed, property: /__symbols__/clocking0
Aug 14 13:53:28.925835 msap1 kernel: OF: overlay: WARNING: memory leak will occur if overlay removed, property: /__symbols__/afi0
Aug 14 13:53:28.925898 msap1 kernel: OF: overlay: WARNING: memory leak will occur if overlay removed, property: /__symbols__/MeterLogic_ADC_SPI
Aug 14 13:53:28.925962 msap1 kernel: OF: overlay: WARNING: memory leak will occur if overlay removed, property: /__symbols__/MeterLogic_MeterCore_Wrapper
Aug 14 13:53:28.926028 msap1 kernel: OF: overlay: WARNING: memory leak will occur if overlay removed, property: /__symbols__/MeterLogic_Meter_DMA_Meter_data_DMA
Aug 14 13:53:28.926093 msap1 kernel: OF: overlay: WARNING: memory leak will occur if overlay removed, property: /__symbols__/dma_channel_b0030030
Aug 14 13:53:28.926155 msap1 kernel: OF: overlay: WARNING: memory leak will occur if overlay removed, property: /__symbols__/MeterLogic_Meter_DMA_Waveform_DMA
Aug 14 13:53:28.926220 msap1 kernel: OF: overlay: WARNING: memory leak will occur if overlay removed, property: /__symbols__/dma_channel_b0060030
Aug 14 13:53:28.926283 msap1 kernel: OF: overlay: WARNING: memory leak will occur if overlay removed, property: /__symbols__/System_Native_Peripherals_HeatBeat_RPU_HeartBeat_GPIO_Ctrl
Aug 14 13:53:28.926346 msap1 kernel: OF: overlay: WARNING: memory leak will occur if overlay removed, property: /__symbols__/msap1_meter_dma
Aug 14 13:53:28.926408 msap1 kernel: OF: overlay: WARNING: memory leak will occur if overlay removed, property: /__symbols__/msap1_waveform_dma
Aug 14 13:53:28.817337 msap1 systemd-networkd[177]: end0: Gained carrier
Aug 14 13:53:28.850411 msap1 kernel[259]: [   12.128945] macb ff0b0000.ethernet end0: unable to generate target frequency: 125000000 Hz
Aug 14 13:53:28.927207 msap1 fancontrol[278]: Settings for /sys/devices/platform/pwm-fan/hwmon/hwmon[[:print:]]*/pwm1:
Aug 14 13:53:28.927207 msap1 fancontrol[278]:   Depends on /sys/devices/platform/ams/hwmon/hwmon[[:print:]]*/temp1_input
Aug 14 13:53:28.927207 msap1 fancontrol[278]:   Controls /sys/devices/platform/pwm-fan/hwmon/hwmon[[:print:]]*/pwm1
Aug 14 13:53:28.927207 msap1 fancontrol[278]:   MINTEMP=45
Aug 14 13:53:28.927207 msap1 fancontrol[278]:   MAXTEMP=65
Aug 14 13:53:28.927207 msap1 fancontrol[278]:   MINSTART=30
Aug 14 13:53:28.927207 msap1 fancontrol[278]:   MINSTOP=15
Aug 14 13:53:28.927207 msap1 fancontrol[278]:   MINPWM=15
Aug 14 13:53:28.927207 msap1 fancontrol[278]:   MAXPWM=255
Aug 14 13:53:28.927207 msap1 fancontrol[278]:   AVERAGE=4
Aug 14 13:53:28.861801 msap1 systemd[1]: Started User Login Management.
Aug 14 13:53:28.850422 msap1 kernel[259]: [   12.137275] macb ff0b0000.ethernet end0: Link is Up - 1Gbps/Full - flow control off
Aug 14 13:53:28.871864 msap1 kernel[259]: [   12.182574] OF: overlay: WARNING: memory leak will occur if overlay removed, property: /fpga-region/firmware-name
Aug 14 13:53:28.871877 msap1 kernel[259]: [   12.193384] OF: overlay: WARNING: memory leak will occur if overlay removed, property: /__symbols__/misc_clk_0
Aug 14 13:53:28.872869 msap1 kernel[259]: [   12.203539] OF: overlay: WARNING: memory leak will occur if overlay removed, property: /__symbols__/clocking0
Aug 14 13:53:28.872881 msap1 kernel[259]: [   12.203563] OF: overlay: WARNING: memory leak will occur if overlay removed, property: /__symbols__/afi0
Aug 14 13:53:28.872889 msap1 kernel[259]: [   12.203582] OF: overlay: WARNING: memory leak will occur if overlay removed, property: /__symbols__/MeterLogic_ADC_SPI
Aug 14 13:53:28.872896 msap1 kernel[259]: [   12.203599] OF: overlay: WARNING: memory leak will occur if overlay removed, property: /__symbols__/MeterLogic_MeterCore_Wrapper
Aug 14 13:53:28.872904 msap1 kernel[259]: [   12.203617] OF: overlay: WARNING: memory leak will occur if overlay removed, property: /__symbols__/MeterLogic_Meter_DMA_Meter_data_DMA
Aug 14 13:53:28.872912 msap1 kernel[259]: [   12.203635] OF: overlay: WARNING: memory leak will occur if overlay removed, property: /__symbols__/dma_channel_b0030030
Aug 14 13:53:28.872920 msap1 kernel[259]: [   12.203656] OF: overlay: WARNING: memory leak will occur if overlay removed, property: /__symbols__/MeterLogic_Meter_DMA_Waveform_DMA
Aug 14 13:53:28.872927 msap1 kernel[259]: [   12.203675] OF: overlay: WARNING: memory leak will occur if overlay removed, property: /__symbols__/dma_channel_b0060030
Aug 14 13:53:28.872947 msap1 kernel[259]: [   12.203695] OF: overlay: WARNING: memory leak will occur if overlay removed, property: /__symbols__/System_Native_Peripherals_HeatBeat_RPU_HeartBeat_GPIO_Ctrl
Aug 14 13:53:28.872958 msap1 kernel[259]: [   12.203713] OF: overlay: WARNING: memory leak will occur if overlay removed, property: /__symbols__/msap1_meter_dma
Aug 14 13:53:28.872966 msap1 kernel[259]: [   12.203730] OF: overlay: WARNING: memory leak will occur if overlay removed, property: /__symbols__/msap1_waveform_dma
Aug 14 13:53:28.967742 msap1 fancontrol[278]: Enabling PWM on fans...
Aug 14 13:53:29.016941 msap1 kernel: xilinx-vdma b0030000.dma: Xilinx AXI DMA Engine Driver Probed!!
Aug 14 13:53:29.022488 msap1 kernel: xilinx-vdma b0060000.dma: Xilinx AXI DMA Engine Driver Probed!!
Aug 14 13:53:29.016890 msap1 kernel[259]: [   12.276087] xilinx-vdma b0030000.dma: Xilinx AXI DMA Engine Driver Probed!!
Aug 14 13:53:29.023292 msap1 fancontrol[278]: Starting automatic fan control...
Aug 14 13:53:29.028916 msap1 kernel[259]: [   12.349628] xilinx-vdma b0060000.dma: Xilinx AXI DMA Engine Driver Probed!!
Aug 14 13:53:29.042032 msap1 systemd[1]: Starting MSAP1 durable meter record stream...
Aug 14 13:53:29.070309 msap1 kernel: msap1-dma axi:meter-acquisition: registered /dev/msap1-meter (8 x 256-byte DMA periods)
Aug 14 13:53:29.070978 msap1 kernel: msap1-dma b0070000.waveform-acquisition: registered /dev/msap1-waveform (64 x 32832-byte DMA periods)
Aug 14 13:53:29.070264 msap1 kernel[259]: [   12.375924] msap1-dma axi:meter-acquisition: registered /dev/msap1-meter (8 x 256-byte DMA periods)
Aug 14 13:53:29.071674 msap1 xlnx-firmware-load[299]: msap1: Loaded with slot_handle 0
Aug 14 13:53:29.070275 msap1 kernel[259]: [   12.391570] msap1-dma b0070000.waveform-acquisition: registered /dev/msap1-waveform (64 x 32832-byte DMA periods)
Aug 14 13:53:29.073406 msap1 xlnx-firmware-load[282]: Loaded default firmware: msap1
Aug 14 13:53:29.113767 msap1 systemd[1]: Starting MSAP1 product service manager...
Aug 14 13:53:29.148889 msap1 echo[390]: MSAP1 PL firmware load completed successfully
Aug 14 13:53:29.150932 msap1 systemd[1]: Finished dfx-mgrd Default Firmware Load Service.
Aug 14 13:53:29.167755 msap1 systemd[1]: Starting Load msap1 RPU firmware via dfx-mgr...
Aug 14 13:53:29.178491 msap1 msap1-meter-stream[384]: durable meter stream is ready
Aug 14 13:53:29.178586 msap1 msap1-meter-stream[384]: MSAP1 durable meter stream is ready
Aug 14 13:53:29.183036 msap1 systemd[1]: Started MSAP1 durable meter record stream.
Aug 14 13:53:29.188764 msap1 msap1-dfx-firmware-rpu-load[393]: msap1-dfx-firmware-rpu-load: loading R5c0
Aug 14 13:53:29.191674 msap1 dfx-mgrd[262]: DFX-MGRD> read_board_name_from_eeprom():128 WARNING: No eeprom_location in daemon.conf, skipping EEPROM board detection
Aug 14 13:53:29.191674 msap1 dfx-mgrd[262]: DFX-MGRD> dfx_init():2428 Using default board name: Xilinx board
Aug 14 13:53:29.191674 msap1 dfx-mgrd[262]: DFX-MGRD> is_user_load_platform():467 FPGA Manager: Xilinx ZynqMP FPGA Manager
Aug 14 13:53:29.191674 msap1 dfx-mgrd[262]: DFX-MGRD> accel_dir_add():1929 Found dir /lib/firmware/xilinx/msap1-rpu
Aug 14 13:53:29.191674 msap1 dfx-mgrd[262]: DFX-MGRD> accel_dir_add():1929 Found dir /lib/firmware/xilinx/msap1-rpu/rpu
Aug 14 13:53:29.191674 msap1 dfx-mgrd[262]: DFX-MGRD> add_base_design():1804 Adding base design /lib/firmware/xilinx/msap1-rpu/rpu
Aug 14 13:53:29.191674 msap1 dfx-mgrd[262]: DFX-MGRD> findBaseDesign_path():107 Found base design /lib/firmware/xilinx/msap1-rpu/rpu
Aug 14 13:53:29.191674 msap1 dfx-mgrd[262]: DFX-MGRD> add_accel_to_base():1665 adding /lib/firmware/xilinx/msap1-rpu/rpu/1 to base /lib/firmware/xilinx/msap1-rpu/rpu
Aug 14 13:53:29.191674 msap1 dfx-mgrd[262]: DFX-MGRD> add_accel_to_base():1665 adding /lib/firmware/xilinx/msap1-rpu/rpu/0 to base /lib/firmware/xilinx/msap1-rpu/rpu
Aug 14 13:53:29.191674 msap1 dfx-mgrd[262]: DFX-MGRD> accel_dir_add():1929 Found dir /lib/firmware/xilinx/msap1
Aug 14 13:53:29.191674 msap1 dfx-mgrd[262]: DFX-MGRD> add_base_design():1804 Adding base design /lib/firmware/xilinx/msap1
Aug 14 13:53:29.191674 msap1 dfx-mgrd[262]: DFX-MGRD> findBaseDesign_path():107 Found base design /lib/firmware/xilinx/msap1
Aug 14 13:53:29.191674 msap1 dfx-mgrd[262]: DFX-MGRD> parse_packages():1696 msap1 : PL_FLAT
Aug 14 13:53:29.191674 msap1 dfx-mgrd[262]: DFX-MGRD> main():279 dfx-mgr daemon started
Aug 14 13:53:29.191674 msap1 dfx-mgrd[262]: DFX-MGRD> process_dfx_req():210 daemon loading accel by name msap1
Aug 14 13:53:29.191674 msap1 dfx-mgrd[262]: DFX-MGRD> accel_dir_add():1929 Found dir /lib/firmware/xilinx/msap1-rpu
Aug 14 13:53:29.191674 msap1 dfx-mgrd[262]: DFX-MGRD> accel_dir_add():1929 Found dir /lib/firmware/xilinx/msap1-rpu/rpu
Aug 14 13:53:29.191674 msap1 dfx-mgrd[262]: DFX-MGRD> add_base_design():1796 Base design /lib/firmware/xilinx/msap1-rpu/rpu already exists
Aug 14 13:53:29.191674 msap1 dfx-mgrd[262]: DFX-MGRD> findBaseDesign_path():107 Found base design /lib/firmware/xilinx/msap1-rpu/rpu
Aug 14 13:53:29.191674 msap1 dfx-mgrd[262]: DFX-MGRD> add_accel_to_base():1661 R5c1 at /lib/firmware/xilinx/msap1-rpu/rpu/1 already exists
Aug 14 13:53:29.191674 msap1 dfx-mgrd[262]: DFX-MGRD> add_accel_to_base():1661 R5c0 at /lib/firmware/xilinx/msap1-rpu/rpu/0 already exists
Aug 14 13:53:29.191674 msap1 dfx-mgrd[262]: DFX-MGRD> accel_dir_add():1929 Found dir /lib/firmware/xilinx/msap1
Aug 14 13:53:29.191674 msap1 dfx-mgrd[262]: DFX-MGRD> add_base_design():1796 Base design /lib/firmware/xilinx/msap1 already exists
Aug 14 13:53:29.191674 msap1 dfx-mgrd[262]: DFX-MGRD> findBaseDesign_path():107 Found base design /lib/firmware/xilinx/msap1
Aug 14 13:53:29.191674 msap1 dfx-mgrd[262]: DFX-MGRD> parse_packages():1696 msap1 : PL_FLAT
Aug 14 13:53:29.194519 msap1 dfx-mgrd[262]: DFX-MGRD> findBaseDesign():85 Found base design msap1
Aug 14 13:53:29.194519 msap1 dfx-mgrd[262]: DFX-MGRD> load_accelerator_core():281 CMA path: (default)
Aug 14 13:53:29.194519 msap1 dfx-mgrd[262]: DFX-MGRD> load_accelerator_core():316 load flat shell from /lib/firmware/xilinx/msap1
Aug 14 13:53:29.194519 msap1 dfx-mgrd[262]: DFX-MGRD> load_accel():100 accel=msap1 shell_config=/lib/firmware/xilinx/msap1/shell.json
Aug 14 13:53:29.194519 msap1 dfx-mgrd[262]: DFX-MGRD> sys_needs_load_accel():171 ACCEL_CONFIG_PATH (null)
Aug 14 13:53:29.194519 msap1 dfx-mgrd[262]: DFX-MGRD> find_file_with_extensions():249 Found overlay: /lib/firmware/xilinx/msap1/msap1-dfx-firmware.dtbo
Aug 14 13:53:29.194519 msap1 dfx-mgrd[262]: DFX-MGRD> sys_fetch_accel():184
Aug 14 13:53:29.194519 msap1 dfx-mgrd[262]: DFX-MGRD> sys_fetch_accel():190 Using default CMA path
Aug 14 13:53:29.194519 msap1 dfx-mgrd[262]: DFX-MGRD> sys_load_accel():208
Aug 14 13:53:29.194519 msap1 dfx-mgrd[262]: write_string_to_file: `0` written to `/sys/class/fpga_manager/fpga0/flags`
Aug 14 13:53:29.194519 msap1 dfx-mgrd[262]: dfx_set_firmware_search_path: Setting lookup path for `/lib/firmware/xilinx/msap1/msap1-dfx-firmware.bin`
Aug 14 13:53:29.194519 msap1 dfx-mgrd[262]: dfx_set_firmware_search_path: Writing `/lib/firmware/xilinx/msap1` to /sys/module/firmware_class/parameters/path
Aug 14 13:53:29.194519 msap1 dfx-mgrd[262]: dfx_cfg_load: Created overlay at `/sys/kernel/config/device-tree/overlays/msap1_image_1`
Aug 14 13:53:29.194519 msap1 dfx-mgrd[262]: write_string_to_file: `msap1-dfx-firmware.dtbo` written to `/sys/kernel/config/device-tree/overlays/msap1_image_1/path`
Aug 14 13:53:29.194519 msap1 dfx-mgrd[262]: DFX-MGRD> sys_load_accel():223 Successfully loaded base design.
Aug 14 13:53:29.194519 msap1 dfx-mgrd[262]: DFX-MGRD> assign_slot():254 Loaded msap1 successfully to slot 0 with slot_handle 0
Aug 14 13:53:29.194519 msap1 dfx-mgrd[262]: DFX-MGRD> process_dfx_req():74 Socket 5 closed by client
Aug 14 13:53:29.194519 msap1 dfx-mgrd[262]: DFX-MGRD> process_dfx_req():210 daemon loading accel by name R5c0
Aug 14 13:53:29.194519 msap1 dfx-mgrd[262]: DFX-MGRD> accel_dir_add():1929 Found dir /lib/firmware/xilinx/msap1-rpu
Aug 14 13:53:29.194519 msap1 dfx-mgrd[262]: DFX-MGRD> accel_dir_add():1929 Found dir /lib/firmware/xilinx/msap1-rpu/rpu
Aug 14 13:53:29.194519 msap1 dfx-mgrd[262]: DFX-MGRD> add_base_design():1796 Base design /lib/firmware/xilinx/msap1-rpu/rpu already exists
Aug 14 13:53:29.194519 msap1 dfx-mgrd[262]: DFX-MGRD> findBaseDesign_path():107 Found base design /lib/firmware/xilinx/msap1-rpu/rpu
Aug 14 13:53:29.194519 msap1 dfx-mgrd[262]: DFX-MGRD> add_accel_to_base():1661 R5c1 at /lib/firmware/xilinx/msap1-rpu/rpu/1 already exists
Aug 14 13:53:29.194519 msap1 dfx-mgrd[262]: DFX-MGRD> add_accel_to_base():1661 R5c0 at /lib/firmware/xilinx/msap1-rpu/rpu/0 already exists
Aug 14 13:53:29.194519 msap1 dfx-mgrd[262]: DFX-MGRD> accel_dir_add():1929 Found dir /lib/firmware/xilinx/msap1
Aug 14 13:53:29.194519 msap1 dfx-mgrd[262]: DFX-MGRD> add_base_design():1796 Base design /lib/firmware/xilinx/msap1 already exists
Aug 14 13:53:29.206483 msap1 systemd[1]: Starting MSAP1 meter historian...
Aug 14 13:53:29.227180 msap1 kernel: remoteproc remoteproc0: powering up ffe00000.r5f
Aug 14 13:53:29.228056 msap1 kernel: remoteproc remoteproc0: Booting fw image R5c0.elf, size 1514476
Aug 14 13:53:29.244931 msap1 kernel[259]: [   12.544906] remoteproc remoteproc0: powering up ffe00000.r5f
Aug 14 13:53:29.245222 msap1 kernel: rproc-virtio rproc-virtio.3.auto: assigned reserved memory node vdev0buffer@9868000
Aug 14 13:53:29.245890 msap1 kernel: virtio_rpmsg_bus virtio0: rpmsg host is online
Aug 14 13:53:29.246397 msap1 kernel: rproc-virtio rproc-virtio.3.auto: registered virtio0 (type 7)
Aug 14 13:53:29.244953 msap1 kernel[259]: [   12.551800] remoteproc remoteproc0: Booting fw image R5c0.elf, size 1514476
Aug 14 13:53:29.244961 msap1 kernel[259]: [   12.561949] rproc-virtio rproc-virtio.3.auto: assigned reserved memory node vdev0buffer@9868000
Aug 14 13:53:29.244968 msap1 kernel[259]: [   12.571157] virtio_rpmsg_bus virtio0: rpmsg host is online
Aug 14 13:53:29.252002 msap1 kernel[259]: [   12.576781] rproc-virtio rproc-virtio.3.auto: registered virtio0 (type 7)
Aug 14 13:53:29.259022 msap1 kernel: remoteproc remoteproc0: remote processor ffe00000.r5f is now up
Aug 14 13:53:29.259052 msap1 kernel[259]: [   12.583662] remoteproc remoteproc0: remote processor ffe00000.r5f is now up
Aug 14 13:53:29.260975 msap1 msap1-dfx-firmware-rpu-load[395]: R5c0: Loaded with slot_handle 1
Aug 14 13:53:29.262587 msap1 systemd[1]: Starting Wait for Network to be Configured...
Aug 14 13:53:29.267623 msap1 msap1-dfx-firmware-rpu-load[393]: msap1-dfx-firmware-rpu-load: loading R5c1
Aug 14 13:53:29.275829 msap1 msap1-service-manager[389]: started MQTT publisher from active settings
Aug 14 13:53:29.276069 msap1 msap1-service-manager[389]: MSAP1 service manager is ready
Aug 14 13:53:29.277393 msap1 systemd[1]: Started MSAP1 product service manager.
Aug 14 13:53:29.302070 msap1 kernel: remoteproc remoteproc1: powering up ffe90000.r5f
Aug 14 13:53:29.303437 msap1 kernel: remoteproc remoteproc1: Booting fw image R5c1.elf, size 1198064
Aug 14 13:53:29.302060 msap1 kernel[259]: [   12.619882] remoteproc remoteproc1: powering up ffe90000.r5f
Aug 14 13:53:29.302073 msap1 kernel[259]: [   12.626654] remoteproc remoteproc1: Booting fw image R5c1.elf, size 1198064
Aug 14 13:53:29.305386 msap1 kernel: rproc-virtio rproc-virtio.4.auto: assigned reserved memory node vdev0buffer@9e68000
Aug 14 13:53:29.325798 msap1 kernel[259]: [   12.637000] rproc-virtio rproc-virtio.4.auto: assigned reserved memory node vdev0buffer@9e68000
Aug 14 13:53:29.326050 msap1 kernel[259]: [   12.656908] virtio_rpmsg_bus virtio1: rpmsg host is online
Aug 14 13:53:29.337690 msap1 kernel: virtio_rpmsg_bus virtio1: rpmsg host is online
Aug 14 13:53:29.338311 msap1 kernel: rproc-virtio rproc-virtio.4.auto: registered virtio1 (type 7)
Aug 14 13:53:29.338821 msap1 kernel: remoteproc remoteproc1: remote processor ffe90000.r5f is now up
Aug 14 13:53:29.337721 msap1 kernel[259]: [   12.662518] rproc-virtio rproc-virtio.4.auto: registered virtio1 (type 7)
Aug 14 13:53:29.344735 msap1 kernel[259]: [   12.669389] remoteproc remoteproc1: remote processor ffe90000.r5f is now up
Aug 14 13:53:29.349823 msap1 msap1-dfx-firmware-rpu-load[402]: R5c1: Loaded with slot_handle 2
Aug 14 13:53:29.352517 msap1 kernel: virtio_rpmsg_bus virtio1: creating channel mncos-r5c1-ctrl addr 0x400
Aug 14 13:53:29.352930 msap1 kernel[259]: [   12.676420] virtio_rpmsg_bus virtio1: creating channel mncos-r5c1-ctrl addr 0x400
Aug 14 13:53:29.372451 msap1 echo[408]: MSAP1 RPU firmware load completed successfully
Aug 14 13:53:29.374376 msap1 systemd[1]: Finished Load msap1 RPU firmware via dfx-mgr.
Aug 14 13:53:29.400834 msap1 kernel: virtio_rpmsg_bus virtio0: creating channel mncos-r5c0-ctrl addr 0x400
Aug 14 13:53:29.400871 msap1 kernel[259]: [   12.721817] virtio_rpmsg_bus virtio0: creating channel mncos-r5c0-ctrl addr 0x400
Aug 14 13:53:29.405942 msap1 systemd[1]: Starting MSAP1 FPGA AD7771 acquisition...
Aug 14 13:53:29.548134 msap1 msap1-fpga-acquisition[410]: MSAP1 FPGA acquisition is ready
Aug 14 13:53:29.548440 msap1 systemd[1]: Started MSAP1 FPGA AD7771 acquisition.
Aug 14 13:53:29.589731 msap1 systemd[1]: Starting MSAP1 Modbus TCP and RTU gateway...
Aug 14 13:53:29.603988 msap1 msap1-fpga-acquisition[410]: meter DMA device opened: /dev/msap1-meter
Aug 14 13:53:29.613051 msap1 msap1-fpga-acquisition[410]: applying coordinated ADC and PL meter configuration
Aug 14 13:53:29.623655 msap1 msap1-fpga-acquisition[410]: coordinated ADC and PL meter configuration applied
Aug 14 13:53:29.625353 msap1 msap1-fpga-acquisition[410]: ADC capture, meter DMA, and waveform DMA started
Aug 14 13:53:29.625379 msap1 msap1-fpga-acquisition[410]: meter acquisition started: /dev/msap1-meter, configuration generation 3545159487
Aug 14 13:53:29.638823 msap1 avahi-daemon[258]: Server startup complete. Host name is msap1.local. Local service cookie is 324693090.
Aug 14 13:53:29.678197 msap1 msap1-modbus-server[415]: Applying Modbus configuration: enabled=true, TCP=enabled, RTU entries=0
Aug 14 13:53:29.678239 msap1 msap1-modbus-server[415]: Configuring Modbus TCP endpoint 0.0.0.0:502 unit=1 clients=16
Aug 14 13:53:29.678562 msap1 msap1-modbus-server[415]: Modbus service configuration is active
Aug 14 13:53:29.678635 msap1 msap1-modbus-server[415]: MSAP1 Modbus server is ready
Aug 14 13:53:29.678839 msap1 systemd[1]: Started MSAP1 Modbus TCP and RTU gateway.
Aug 14 13:53:30.748975 msap1 avahi-daemon[258]: Joining mDNS multicast group on interface end0.IPv6 with address fe80::20a:35ff:fe28:b7f0.
Aug 14 13:53:30.749031 msap1 avahi-daemon[258]: New relevant interface end0.IPv6 for mDNS.
Aug 14 13:53:30.749268 msap1 systemd-networkd[177]: end0: Gained IPv6LL
Aug 14 13:53:30.749051 msap1 avahi-daemon[258]: Registering new address record for fe80::20a:35ff:fe28:b7f0 on end0.*.
Aug 14 13:53:30.750418 msap1 systemd-timesyncd[249]: Network configuration changed, trying to establish connection.
Aug 14 13:53:31.283471 msap1 msap1-service-manager[389]: started MQTT publisher from active settings
Aug 14 13:53:31.645630 msap1 msap1-fpga-acquisition[410]: RPU ADC health became healthy
Aug 14 13:53:32.408459 msap1 sshd_check_keys[272]:   generating ssh ECDSA host key...
Aug 14 13:53:32.442193 msap1 sshd_check_keys[272]:   generating ssh ED25519 host key...
Aug 14 13:53:32.482596 msap1 systemd[1]: Finished OpenSSH Key Generation.
Aug 14 13:53:33.064974 msap1 systemd-networkd[177]: end0: DHCPv4 address 172.30.19.99/24, gateway 172.30.19.1 acquired from 172.30.19.1
Aug 14 13:53:33.065268 msap1 avahi-daemon[258]: Joining mDNS multicast group on interface end0.IPv4 with address 172.30.19.99.
Aug 14 13:53:33.065316 msap1 avahi-daemon[258]: New relevant interface end0.IPv4 for mDNS.
Aug 14 13:53:33.065361 msap1 avahi-daemon[258]: Registering new address record for 172.30.19.99 on end0.IPv4.
Aug 14 13:53:33.066432 msap1 systemd-timesyncd[249]: Network configuration changed, trying to establish connection.
Aug 14 13:53:33.067569 msap1 systemd-timesyncd[249]: Network configuration changed, trying to establish connection.
Aug 14 13:53:33.068830 msap1 systemd-timesyncd[249]: Network configuration changed, trying to establish connection.
Aug 14 13:53:33.093675 msap1 systemd[1]: Starting Hostname Service...
Aug 14 13:53:33.099418 msap1 (ostnamed)[441]: systemd-hostnamed.service: PrivateNetwork=yes is configured, but the kernel does not support or we lack privileges for network namespace, proceeding without.
Aug 14 13:53:33.239065 msap1 systemd[1]: Started Hostname Service.
Aug 14 13:53:33.239656 msap1 systemd-networkd[177]: Could not set hostname: Access denied
Aug 14 13:53:33.290871 msap1 msap1-service-manager[389]: started MQTT publisher from active settings
Aug 14 13:53:35.298519 msap1 msap1-service-manager[389]: started MQTT publisher from active settings
Aug 14 13:53:37.305902 msap1 msap1-service-manager[389]: started MQTT publisher from active settings
Aug 14 13:53:39.310385 msap1 kernel: zynqmp_firmware firmware:zynqmp-firmware: sync_state() pending due to fd4b0000.gpu
Aug 14 13:53:39.311207 msap1 kernel: zynqmp_firmware firmware:zynqmp-firmware: sync_state() pending due to ff120000.timer
Aug 14 13:53:39.311742 msap1 kernel: zynqmp_firmware firmware:zynqmp-firmware: sync_state() pending due to ff130000.timer
Aug 14 13:53:39.310428 msap1 kernel[259]: [   22.624581] zynqmp_firmware firmware:zynqmp-firmware: sync_state() pending due to fd4b0000.gpu
Aug 14 13:53:39.310441 msap1 kernel[259]: [   22.633225] zynqmp_firmware firmware:zynqmp-firmware: sync_state() pending due to ff120000.timer
Aug 14 13:53:39.310459 msap1 kernel[259]: [   22.642037] zynqmp_firmware firmware:zynqmp-firmware: sync_state() pending due to ff130000.timer
Aug 14 13:53:39.313560 msap1 msap1-service-manager[389]: started MQTT publisher from active settings
Aug 14 13:53:39.328008 msap1 kernel: zynqmp_firmware firmware:zynqmp-firmware: sync_state() pending due to ff140000.timer
Aug 14 13:53:39.328708 msap1 kernel: zynqmp_firmware firmware:zynqmp-firmware: sync_state() pending due to ffeb0000.psu_r5_1_btcm_global
Aug 14 13:53:39.328037 msap1 kernel[259]: [   22.650860] zynqmp_firmware firmware:zynqmp-firmware: sync_state() pending due to ff140000.timer
Aug 14 13:53:39.328058 msap1 kernel[259]: [   22.659662] zynqmp_firmware firmware:zynqmp-firmware: sync_state() pending due to ffeb0000.psu_r5_1_btcm_global
Aug 14 13:53:39.348215 msap1 kernel: zynqmp_firmware firmware:zynqmp-firmware: sync_state() pending due to ffe90000.psu_r5_1_atcm_global
Aug 14 13:53:39.348816 msap1 kernel: zynqmp_firmware firmware:zynqmp-firmware: sync_state() pending due to ffe00000.r5f
Aug 14 13:53:39.348245 msap1 kernel[259]: [   22.669767] zynqmp_firmware firmware:zynqmp-firmware: sync_state() pending due to ffe90000.psu_r5_1_atcm_global
Aug 14 13:53:39.348264 msap1 kernel[259]: [   22.679886] zynqmp_firmware firmware:zynqmp-firmware: sync_state() pending due to ffe00000.r5f
Aug 14 13:53:39.365470 msap1 kernel: zynqmp_firmware firmware:zynqmp-firmware: sync_state() pending due to ffe90000.r5f
Aug 14 13:53:39.365488 msap1 kernel[259]: [   22.688500] zynqmp_firmware firmware:zynqmp-firmware: sync_state() pending due to ffe90000.r5f
Aug 14 13:53:41.320988 msap1 msap1-service-manager[389]: started MQTT publisher from active settings
Aug 14 13:53:43.328291 msap1 msap1-service-manager[389]: started MQTT publisher from active settings
Aug 14 13:53:45.335686 msap1 msap1-service-manager[389]: started MQTT publisher from active settings
Aug 14 13:53:47.343044 msap1 msap1-service-manager[389]: started MQTT publisher from active settings
Aug 14 13:53:47.343068 msap1 systemd-journald[128]: Forwarding to syslog missed 347 messages.
Aug 14 13:53:49.350368 msap1 msap1-service-manager[389]: started MQTT publisher from active settings
Aug 14 13:53:51.357799 msap1 msap1-service-manager[389]: started MQTT publisher from active settings
Aug 14 13:53:53.365164 msap1 msap1-service-manager[389]: started MQTT publisher from active settings
Aug 14 13:53:55.372507 msap1 msap1-service-manager[389]: started MQTT publisher from active settings
Aug 14 13:53:57.379938 msap1 msap1-service-manager[389]: started MQTT publisher from active settings
Aug 14 13:53:59.387283 msap1 msap1-service-manager[389]: started MQTT publisher from active settings
Aug 14 13:54:01.394755 msap1 msap1-service-manager[389]: started MQTT publisher from active settings
Aug 14 13:54:02.237342 msap1 systemd-resolved[248]: Clock change detected. Flushing caches.
Aug 14 13:54:02.237626 msap1 systemd-timesyncd[249]: Contacted time server 216.239.35.8:123 (time3.google.com).
Aug 14 13:54:02.237774 msap1 systemd-timesyncd[249]: Initial clock synchronization to Fri 2026-08-14 13:54:02.237232 UTC.
Aug 14 13:54:02.339122 msap1 systemd[1]: systemd-hostnamed.service: Deactivated successfully.
Aug 14 13:54:02.466646 msap1 msap1-service-manager[389]: started MQTT publisher from active settings
Aug 14 13:54:04.474201 msap1 msap1-service-manager[389]: started MQTT publisher from active settings
Aug 14 13:54:06.481592 msap1 msap1-service-manager[389]: started MQTT publisher from active settings
Aug 14 13:54:08.489107 msap1 msap1-service-manager[389]: started MQTT publisher from active settings
Aug 14 13:54:10.496489 msap1 msap1-service-manager[389]: started MQTT publisher from active settings
Aug 14 13:54:12.503996 msap1 msap1-service-manager[389]: started MQTT publisher from active settings
Aug 14 13:54:14.511479 msap1 msap1-service-manager[389]: started MQTT publisher from active settings
Aug 14 13:54:16.518900 msap1 msap1-service-manager[389]: started MQTT publisher from active settings
Aug 14 13:54:16.518925 msap1 systemd-journald[128]: Forwarding to syslog missed 19 messages.
Aug 14 13:54:18.526249 msap1 msap1-service-manager[389]: started MQTT publisher from active settings
Aug 14 13:54:20.533767 msap1 msap1-service-manager[389]: started MQTT publisher from active settings
Aug 14 13:54:22.541210 msap1 msap1-service-manager[389]: started MQTT publisher from active settings
Aug 14 13:54:24.548755 msap1 msap1-service-manager[389]: started MQTT publisher from active settings
Aug 14 13:54:26.556255 msap1 msap1-service-manager[389]: started MQTT publisher from active settings
Aug 14 13:54:28.563669 msap1 msap1-service-manager[389]: started MQTT publisher from active settings
Aug 14 13:54:30.571110 msap1 msap1-service-manager[389]: started MQTT publisher from active settings
Aug 14 13:54:32.578613 msap1 msap1-service-manager[389]: started MQTT publisher from active settings
Aug 14 13:54:34.586093 msap1 msap1-service-manager[389]: started MQTT publisher from active settings
Aug 14 13:54:36.593415 msap1 msap1-service-manager[389]: started MQTT publisher from active settings
Aug 14 13:54:38.600896 msap1 msap1-service-manager[389]: started MQTT publisher from active settings
Aug 14 13:54:40.608414 msap1 msap1-service-manager[389]: started MQTT publisher from active settings
Aug 14 13:54:42.615848 msap1 msap1-service-manager[389]: started MQTT publisher from active settings
Aug 14 13:54:44.623271 msap1 msap1-service-manager[389]: started MQTT publisher from active settings
Aug 14 13:54:46.630712 msap1 msap1-service-manager[389]: started MQTT publisher from active settings
Aug 14 13:54:46.630737 msap1 systemd-journald[128]: Forwarding to syslog missed 15 messages.
Aug 14 13:54:48.638122 msap1 msap1-service-manager[389]: started MQTT publisher from active settings
Aug 14 13:54:50.645554 msap1 msap1-service-manager[389]: started MQTT publisher from active settings
Aug 14 13:54:52.652948 msap1 msap1-service-manager[389]: started MQTT publisher from active settings
Aug 14 13:54:54.660354 msap1 msap1-service-manager[389]: started MQTT publisher from active settings
Aug 14 13:54:54.800070 msap1 msap1-meter-historian[398]: volatile historian rebuild will continue after service readiness
Aug 14 13:54:54.800489 msap1 msap1-meter-historian[398]: MSAP1 meter historian is ready
Aug 14 13:54:54.800722 msap1 systemd[1]: Started MSAP1 meter historian.
Aug 14 13:54:54.802363 msap1 msap1-meter-historian[398]: historian backfill begins after records already pruned from the spool
Aug 14 13:54:54.822046 msap1 systemd[1]: Starting MSAP1 authenticated web backend and nginx supervisor...
Aug 14 13:54:54.992545 msap1 msap1-meter-historian[398]: volatile historian rebuild completed
Aug 14 13:54:55.248229 msap1 msap1-web-backend[517]: Generated development TLS certificate at /var/lib/monutchee/tls/msap1-web.crt
Aug 14 13:54:55.306867 msap1 msap1-web-backend[527]: MSAP1 web backend is ready
Aug 14 13:54:55.306867 msap1 msap1-web-backend[527]: MSAP1 web backend is starting
Aug 14 13:54:55.307052 msap1 systemd[1]: Started MSAP1 authenticated web backend and nginx supervisor.
Aug 14 13:54:55.308374 msap1 systemd[1]: Reached target Multi-User System.
Aug 14 13:54:55.315345 msap1 systemd[1]: Starting Record Runlevel Change in UTMP...
Aug 14 13:54:55.354316 msap1 systemd[1]: systemd-update-utmp-runlevel.service: Deactivated successfully.
Aug 14 13:54:55.355005 msap1 systemd[1]: Finished Record Runlevel Change in UTMP.
Aug 14 13:54:56.410569 msap1 msap1-web-backend[527]: WebEngine Unix socket is ready: /run/monutchee/web-backend.sock
Aug 14 13:54:56.469846 msap1 msap1-web-backend[527]: nginx started under web-backend supervision
Aug 14 13:54:56.469872 msap1 msap1-web-backend[527]: MSAP1 web backend and nginx are ready
Aug 14 13:54:56.668420 msap1 msap1-service-manager[389]: started MQTT publisher from active settings
Aug 14 13:54:58.675909 msap1 msap1-service-manager[389]: started MQTT publisher from active settings
Aug 14 13:55:00.683337 msap1 msap1-service-manager[389]: started MQTT publisher from active settings
Aug 14 13:55:02.691100 msap1 msap1-service-manager[389]: started MQTT publisher from active settings
Aug 14 13:55:04.698473 msap1 msap1-service-manager[389]: started MQTT publisher from active settings
Aug 14 13:55:06.705800 msap1 msap1-service-manager[389]: started MQTT publisher from active settings
Aug 14 13:55:08.713073 msap1 msap1-service-manager[389]: started MQTT publisher from active settings
Aug 14 13:55:10.721072 msap1 msap1-service-manager[389]: started MQTT publisher from active settings
Aug 14 13:55:12.728444 msap1 msap1-service-manager[389]: started MQTT publisher from active settings
Aug 14 13:55:14.735776 msap1 msap1-service-manager[389]: started MQTT publisher from active settings
Aug 14 13:55:16.743193 msap1 msap1-service-manager[389]: started MQTT publisher from active settings
Aug 14 13:55:16.743216 msap1 systemd-journald[128]: Forwarding to syslog missed 32 messages.
Aug 14 13:55:18.750572 msap1 msap1-service-manager[389]: started MQTT publisher from active settings
Aug 14 13:55:20.757978 msap1 msap1-service-manager[389]: started MQTT publisher from active settings
Aug 14 13:55:22.765377 msap1 msap1-service-manager[389]: started MQTT publisher from active settings
Aug 14 13:55:24.772638 msap1 msap1-service-manager[389]: started MQTT publisher from active settings
Aug 14 13:55:26.780079 msap1 msap1-service-manager[389]: started MQTT publisher from active settings
Aug 14 13:55:28.451434 msap1 systemd-networkd-wait-online[401]: Timeout occurred while waiting for network connectivity.
Aug 14 13:55:28.454345 msap1 systemd[1]: systemd-networkd-wait-online.service: Main process exited, code=exited, status=1/FAILURE
Aug 14 13:55:28.454735 msap1 systemd[1]: systemd-networkd-wait-online.service: Failed with result 'exit-code'.
Aug 14 13:55:28.455238 msap1 systemd[1]: Failed to start Wait for Network to be Configured.
Aug 14 13:55:28.456963 msap1 systemd[1]: Reached target Network is Online.
Aug 14 13:55:28.478163 msap1 systemd[1]: Starting MSAP1 MQTT meter-data publisher...
Aug 14 13:55:28.565897 msap1 msap1-mqtt-publisher[572]: MSAP1 MQTT publisher is ready
Aug 14 13:55:28.566053 msap1 systemd[1]: Started MSAP1 MQTT meter-data publisher.
Aug 14 13:55:28.566825 msap1 systemd[1]: Startup finished in 5.821s (kernel) + 2min 6.880s (userspace) = 2min 12.701s.
Aug 14 13:55:28.770106 msap1 msap1-mqtt-publisher[572]: MQTT broker connection deferred: MQTT error [-1]; retrying in 1 seconds
Aug 14 13:55:29.771521 msap1 msap1-mqtt-publisher[572]: MQTT broker connection deferred: MQTT error [-1]; retrying in 2 seconds
Aug 14 13:55:30.792509 msap1 msap1-fpga-acquisition[410]: ADC SPI register read recovered after retry
Aug 14 13:55:31.774809 msap1 msap1-mqtt-publisher[572]: MQTT broker connection deferred: MQTT error [-1]; retrying in 4 seconds
Aug 14 13:55:35.780372 msap1 msap1-mqtt-publisher[572]: MQTT broker connection deferred: MQTT error [-1]; retrying in 8 seconds
Aug 14 13:55:43.790600 msap1 msap1-mqtt-publisher[572]: MQTT broker connection deferred: MQTT error [-1]; retrying in 16 seconds
Aug 14 13:55:59.810036 msap1 msap1-mqtt-publisher[572]: MQTT broker connection deferred: MQTT error [-1]; retrying in 32 seconds
Aug 14 13:55:59.810060 msap1 systemd-journald[128]: Forwarding to syslog missed 21 messages.
Aug 14 13:56:31.847527 msap1 msap1-mqtt-publisher[572]: MQTT broker connection deferred: MQTT error [-1]; retrying in 60 seconds
Aug 14 13:56:31.847554 msap1 systemd-journald[128]: Forwarding to syslog missed 1 messages.
Aug 14 13:57:31.918197 msap1 msap1-mqtt-publisher[572]: MQTT broker connection deferred: MQTT error [-1]; retrying in 60 seconds
Aug 14 13:57:31.918225 msap1 systemd-journald[128]: Forwarding to syslog missed 1 messages.
Aug 14 13:58:30.934408 msap1 msap1-fpga-acquisition[410]: ADC SPI register read recovered after retry
Aug 14 13:58:30.934433 msap1 systemd-journald[128]: Forwarding to syslog missed 1 messages.
Aug 14 13:58:31.985015 msap1 msap1-mqtt-publisher[572]: MQTT broker connection deferred: MQTT error [-1]; retrying in 60 seconds
Aug 14 13:59:23.951361 msap1 systemd-journald[128]: Forwarding to syslog missed 1 messages.
Aug 14 13:59:30.975110 msap1 msap1-fpga-acquisition[410]: ADC SPI register read recovered after retry
Aug 14 13:59:32.053476 msap1 msap1-mqtt-publisher[572]: MQTT broker connection deferred: MQTT error [-1]; retrying in 60 seconds
Aug 14 14:00:32.124816 msap1 msap1-mqtt-publisher[572]: MQTT broker connection deferred: MQTT error [-1]; retrying in 60 seconds
Aug 14 14:00:32.124843 msap1 systemd-journald[128]: Forwarding to syslog missed 3 messages.
Aug 14 14:01:32.196569 msap1 msap1-mqtt-publisher[572]: MQTT broker connection deferred: MQTT error [-1]; retrying in 60 seconds
Aug 14 14:01:32.196597 msap1 systemd-journald[128]: Forwarding to syslog missed 1 messages.
Aug 14 14:02:32.268148 msap1 msap1-mqtt-publisher[572]: MQTT broker connection deferred: MQTT error [-1]; retrying in 60 seconds
Aug 14 14:02:32.268176 msap1 systemd-journald[128]: Forwarding to syslog missed 1 messages.
Aug 14 14:03:32.340737 msap1 msap1-mqtt-publisher[572]: MQTT broker connection deferred: MQTT error [-1]; retrying in 60 seconds
Aug 14 14:03:32.340766 msap1 systemd-journald[128]: Forwarding to syslog missed 1 messages.
Aug 14 14:04:32.410911 msap1 msap1-mqtt-publisher[572]: MQTT broker connection deferred: MQTT error [-1]; retrying in 60 seconds
Aug 14 14:04:32.410936 msap1 systemd-journald[128]: Forwarding to syslog missed 1 messages.
Aug 14 14:05:32.482646 msap1 msap1-mqtt-publisher[572]: MQTT broker connection deferred: MQTT error [-1]; retrying in 60 seconds
Aug 14 14:05:32.482673 msap1 systemd-journald[128]: Forwarding to syslog missed 1 messages.
Aug 14 14:06:32.555829 msap1 msap1-mqtt-publisher[572]: MQTT broker connection deferred: MQTT error [-1]; retrying in 60 seconds
Aug 14 14:06:32.555857 msap1 systemd-journald[128]: Forwarding to syslog missed 1 messages.
Aug 14 14:07:14.084164 msap1 systemd[1]: Created slice Slice /system/sshd.
Aug 14 14:07:14.084257 msap1 systemd-journald[128]: Forwarding to syslog missed 1 messages.
Aug 14 14:07:14.106188 msap1 systemd[1]: Started OpenSSH Per-Connection Daemon (10.39.30.2:42654).
Aug 14 14:07:15.644614 msap1 systemd[1]: sshd@0-172.30.19.99:22-10.39.30.2:42654.service: Deactivated successfully.
Aug 14 14:07:17.954162 msap1 systemd[1]: Started OpenSSH Per-Connection Daemon (10.39.30.2:42660).
Aug 14 14:07:32.628804 msap1 msap1-mqtt-publisher[572]: MQTT broker connection deferred: MQTT error [-1]; retrying in 60 seconds
Aug 14 14:08:01.371216 msap1 msap1-fpga-acquisition[410]: ADC SPI register read recovered after retry
Aug 14 14:08:01.371243 msap1 systemd-journald[128]: Forwarding to syslog missed 5 messages.
Aug 14 14:08:15.926213 msap1 systemd[1]: Starting Cleanup of Temporary Directories...
Aug 14 14:08:15.942810 msap1 systemd-tmpfiles[1212]: /usr/lib/tmpfiles.d/legacy.conf:13: Duplicate line for path "/run/lock", ignoring.
Aug 14 14:08:15.948577 msap1 systemd-tmpfiles[1212]: /usr/lib/tmpfiles.d/tmp.conf:12: Duplicate line for path "/var/tmp", ignoring.
Aug 14 14:08:15.948845 msap1 systemd-tmpfiles[1212]: /usr/lib/tmpfiles.d/var.conf:14: Duplicate line for path "/var/log", ignoring.
Aug 14 14:08:15.961089 msap1 systemd[1]: systemd-tmpfiles-clean.service: Deactivated successfully.
Aug 14 14:08:15.961526 msap1 systemd[1]: Finished Cleanup of Temporary Directories.
Aug 14 14:08:32.451358 msap1 systemd-journald[128]: Forwarding to syslog missed 6 messages.
Aug 14 14:08:32.701505 msap1 msap1-mqtt-publisher[572]: MQTT broker connection deferred: MQTT error [-1]; retrying in 60 seconds
Aug 14 14:09:32.774008 msap1 msap1-mqtt-publisher[572]: MQTT broker connection deferred: MQTT error [-1]; retrying in 60 seconds
Aug 14 14:09:32.774032 msap1 systemd-journald[128]: Forwarding to syslog missed 2 messages.
Aug 14 14:10:32.844824 msap1 msap1-mqtt-publisher[572]: MQTT broker connection deferred: MQTT error [-1]; retrying in 60 seconds
Aug 14 14:10:32.844854 msap1 systemd-journald[128]: Forwarding to syslog missed 1 messages.
Aug 14 14:11:32.917606 msap1 msap1-mqtt-publisher[572]: MQTT broker connection deferred: MQTT error [-1]; retrying in 60 seconds
Aug 14 14:11:32.917635 msap1 systemd-journald[128]: Forwarding to syslog missed 1 messages.
Aug 14 14:12:31.583703 msap1 msap1-fpga-acquisition[410]: RPU ADC health became degraded: ADC register readback does not match the active configuration
Aug 14 14:12:31.583727 msap1 systemd-journald[128]: Forwarding to syslog missed 1 messages.
Aug 14 14:12:32.988461 msap1 msap1-mqtt-publisher[572]: MQTT broker connection deferred: MQTT error [-1]; retrying in 60 seconds
Aug 14 14:13:01.604152 msap1 systemd-journald[128]: Forwarding to syslog missed 1 messages.
Aug 14 14:13:01.604126 msap1 msap1-fpga-acquisition[410]: RPU ADC health became healthy
Aug 14 14:13:32.701361 msap1 systemd-journald[128]: Forwarding to syslog missed 1 messages.
Aug 14 14:13:33.059056 msap1 msap1-mqtt-publisher[572]: MQTT broker connection deferred: MQTT error [-1]; retrying in 60 seconds
Aug 14 14:14:23.951361 msap1 systemd-journald[128]: Forwarding to syslog missed 1 messages.
Aug 14 14:14:31.675481 msap1 msap1-fpga-acquisition[410]: ADC SPI register read recovered after retry
Aug 14 14:14:31.675528 msap1 msap1-fpga-acquisition[410]: RPU ADC health became degraded: ADC register readback does not match the active configuration
Aug 14 14:14:33.132251 msap1 msap1-mqtt-publisher[572]: MQTT broker connection deferred: MQTT error [-1]; retrying in 60 seconds
Aug 14 14:15:01.695834 msap1 msap1-fpga-acquisition[410]: ADC SPI register read recovered after retry
Aug 14 14:15:01.695860 msap1 systemd-journald[128]: Forwarding to syslog missed 4 messages.
Aug 14 14:15:01.695875 msap1 msap1-fpga-acquisition[410]: RPU ADC health became healthy
Aug 14 14:15:33.205019 msap1 msap1-mqtt-publisher[572]: MQTT broker connection deferred: MQTT error [-1]; retrying in 60 seconds
Aug 14 14:15:33.205047 msap1 systemd-journald[128]: Forwarding to syslog missed 2 messages.
Aug 14 14:16:33.277977 msap1 msap1-mqtt-publisher[572]: MQTT broker connection deferred: MQTT error [-1]; retrying in 60 seconds
Aug 14 14:16:33.278004 msap1 systemd-journald[128]: Forwarding to syslog missed 1 messages.
Aug 14 14:17:33.351030 msap1 msap1-mqtt-publisher[572]: MQTT broker connection deferred: MQTT error [-1]; retrying in 60 seconds
Aug 14 14:17:33.351059 msap1 systemd-journald[128]: Forwarding to syslog missed 1 messages.
Aug 14 14:18:01.837774 msap1 msap1-fpga-acquisition[410]: ADC SPI register read recovered after retry
Aug 14 14:18:32.951361 msap1 systemd-journald[128]: Forwarding to syslog missed 1 messages.
Aug 14 14:18:33.424124 msap1 msap1-mqtt-publisher[572]: MQTT broker connection deferred: MQTT error [-1]; retrying in 60 seconds
Aug 14 14:19:23.951360 msap1 systemd-journald[128]: Forwarding to syslog missed 1 messages.
Aug 14 14:19:33.496231 msap1 msap1-mqtt-publisher[572]: MQTT broker connection deferred: MQTT error [-1]; retrying in 60 seconds
Aug 14 14:20:23.951372 msap1 systemd-journald[128]: Forwarding to syslog missed 1 messages.
Aug 14 14:20:33.607634 msap1 msap1-mqtt-publisher[572]: MQTT broker connection deferred: MQTT error [-1]; retrying in 60 seconds
Aug 14 14:21:33.678656 msap1 msap1-mqtt-publisher[572]: MQTT broker connection deferred: MQTT error [-1]; retrying in 60 seconds
Aug 14 14:21:33.678683 msap1 systemd-journald[128]: Forwarding to syslog missed 2 messages.
Aug 14 14:22:33.749757 msap1 msap1-mqtt-publisher[572]: MQTT broker connection deferred: MQTT error [-1]; retrying in 60 seconds
Aug 14 14:22:33.749783 msap1 systemd-journald[128]: Forwarding to syslog missed 1 messages.
Aug 14 14:23:33.822690 msap1 msap1-mqtt-publisher[572]: MQTT broker connection deferred: MQTT error [-1]; retrying in 60 seconds
Aug 14 14:23:33.822719 msap1 systemd-journald[128]: Forwarding to syslog missed 1 messages.
Aug 14 14:24:33.894728 msap1 msap1-mqtt-publisher[572]: MQTT broker connection deferred: MQTT error [-1]; retrying in 60 seconds
Aug 14 14:24:33.894755 msap1 systemd-journald[128]: Forwarding to syslog missed 1 messages.
Aug 14 14:25:32.182801 msap1 msap1-fpga-acquisition[410]: ADC SPI register read recovered after retry
Aug 14 14:25:32.182825 msap1 systemd-journald[128]: Forwarding to syslog missed 1 messages.
Aug 14 14:25:33.966356 msap1 msap1-mqtt-publisher[572]: MQTT broker connection deferred: MQTT error [-1]; retrying in 60 seconds
Aug 14 14:26:23.951369 msap1 systemd-journald[128]: Forwarding to syslog missed 1 messages.
Aug 14 14:26:34.038752 msap1 msap1-mqtt-publisher[572]: MQTT broker connection deferred: MQTT error [-1]; retrying in 60 seconds
Aug 14 14:27:34.110812 msap1 msap1-mqtt-publisher[572]: MQTT broker connection deferred: MQTT error [-1]; retrying in 60 seconds
Aug 14 14:27:34.110836 msap1 systemd-journald[128]: Forwarding to syslog missed 2 messages.
Aug 14 14:28:34.182376 msap1 msap1-mqtt-publisher[572]: MQTT broker connection deferred: MQTT error [-1]; retrying in 60 seconds
Aug 14 14:28:34.182406 msap1 systemd-journald[128]: Forwarding to syslog missed 1 messages.
Aug 14 14:29:34.255261 msap1 msap1-mqtt-publisher[572]: MQTT broker connection deferred: MQTT error [-1]; retrying in 60 seconds
Aug 14 14:29:34.255288 msap1 systemd-journald[128]: Forwarding to syslog missed 1 messages.
Aug 14 14:30:02.396115 msap1 msap1-fpga-acquisition[410]: ADC SPI register read recovered after retry
Aug 14 14:30:34.327834 msap1 msap1-mqtt-publisher[572]: MQTT broker connection deferred: MQTT error [-1]; retrying in 60 seconds
Aug 14 14:30:34.327862 msap1 systemd-journald[128]: Forwarding to syslog missed 2 messages.
Aug 14 14:31:34.400866 msap1 msap1-mqtt-publisher[572]: MQTT broker connection deferred: MQTT error [-1]; retrying in 60 seconds
Aug 14 14:31:34.400893 msap1 systemd-journald[128]: Forwarding to syslog missed 1 messages.
Aug 14 14:32:34.474361 msap1 msap1-mqtt-publisher[572]: MQTT broker connection deferred: MQTT error [-1]; retrying in 60 seconds
Aug 14 14:32:34.474390 msap1 systemd-journald[128]: Forwarding to syslog missed 1 messages.
Aug 14 14:33:34.547166 msap1 msap1-mqtt-publisher[572]: MQTT broker connection deferred: MQTT error [-1]; retrying in 60 seconds
Aug 14 14:33:34.547193 msap1 systemd-journald[128]: Forwarding to syslog missed 1 messages.
Aug 14 14:34:34.619880 msap1 msap1-mqtt-publisher[572]: MQTT broker connection deferred: MQTT error [-1]; retrying in 60 seconds
Aug 14 14:34:34.619909 msap1 systemd-journald[128]: Forwarding to syslog missed 1 messages.
Aug 14 14:35:02.629576 msap1 msap1-fpga-acquisition[410]: ADC SPI register read recovered after retry
Aug 14 14:35:23.951368 msap1 systemd-journald[128]: Forwarding to syslog missed 1 messages.
Aug 14 14:35:34.691344 msap1 msap1-mqtt-publisher[572]: MQTT broker connection deferred: MQTT error [-1]; retrying in 60 seconds
Aug 14 14:35:49.789608 msap1 msap1-meter-historian[398]: historian database deleted and recreated
Aug 14 14:36:34.765387 msap1 msap1-mqtt-publisher[572]: MQTT broker connection deferred: MQTT error [-1]; retrying in 60 seconds
Aug 14 14:36:34.765414 msap1 systemd-journald[128]: Forwarding to syslog missed 3 messages.
Aug 14 14:37:34.836830 msap1 msap1-mqtt-publisher[572]: MQTT broker connection deferred: MQTT error [-1]; retrying in 60 seconds
Aug 14 14:37:34.836855 msap1 systemd-journald[128]: Forwarding to syslog missed 1 messages.
Aug 14 14:37:50.606209 msap1 systemd[1]: Started OpenSSH Per-Connection Daemon (172.30.19.19:46242).
Aug 14 14:37:50.833123 msap1 systemd[1]: sshd@2-172.30.19.99:22-172.30.19.19:46242.service: Deactivated successfully.
Aug 14 14:38:10.190190 msap1 systemd[1]: Started OpenSSH Per-Connection Daemon (172.30.19.19:45902).
Aug 14 14:38:10.190222 msap1 systemd-journald[128]: Forwarding to syslog missed 3 messages.
Aug 14 14:38:10.416317 msap1 systemd[1]: sshd@3-172.30.19.99:22-172.30.19.19:45902.service: Deactivated successfully.
Aug 14 14:38:34.910527 msap1 msap1-mqtt-publisher[572]: MQTT broker connection deferred: MQTT error [-1]; retrying in 60 seconds
Aug 14 14:38:40.458244 msap1 systemd[1]: Started OpenSSH Per-Connection Daemon (172.30.19.19:55250).
Aug 14 14:38:40.458279 msap1 systemd-journald[128]: Forwarding to syslog missed 3 messages.
Aug 14 14:38:40.686990 msap1 systemd[1]: sshd@4-172.30.19.99:22-172.30.19.19:55250.service: Deactivated successfully.
Aug 14 14:38:54.066377 msap1 msap1-fpga-acquisition[410]: live service settings refreshed without restarting capture
Aug 14 14:38:54.110001 msap1 systemd[1]: Reloading MSAP1 MQTT meter-data publisher...
Aug 14 14:38:54.182532 msap1 systemd[1]: Reloaded MSAP1 MQTT meter-data publisher.
Aug 14 14:38:54.281716 msap1 msap1-mqtt-publisher[572]: MQTT configuration applied
Aug 14 14:38:54.281750 msap1 msap1-mqtt-publisher[572]: MSAP1 MQTT publisher reloaded
Aug 14 14:38:54.316261 msap1 msap1-mqtt-publisher[572]: MQTT broker connection deferred: MQTT error [-1]; retrying in 1 seconds
Aug 14 14:38:55.317797 msap1 msap1-mqtt-publisher[572]: MQTT broker connection deferred: MQTT error [-1]; retrying in 2 seconds
Aug 14 14:38:57.321119 msap1 msap1-mqtt-publisher[572]: MQTT broker connection deferred: MQTT error [-1]; retrying in 4 seconds
Aug 14 14:39:01.326820 msap1 msap1-mqtt-publisher[572]: MQTT broker connection deferred: MQTT error [-1]; retrying in 8 seconds
Aug 14 14:39:09.337106 msap1 msap1-mqtt-publisher[572]: MQTT broker connection deferred: MQTT error [-1]; retrying in 16 seconds
Aug 14 14:39:10.722231 msap1 systemd[1]: Started OpenSSH Per-Connection Daemon (172.30.19.19:44434).
Aug 14 14:39:10.722264 msap1 systemd-journald[128]: Forwarding to syslog missed 12 messages.
Aug 14 14:39:10.952494 msap1 systemd[1]: sshd@5-172.30.19.99:22-172.30.19.19:44434.service: Deactivated successfully.
Aug 14 14:39:25.357378 msap1 msap1-mqtt-publisher[572]: MQTT broker connection deferred: MQTT error [-1]; retrying in 32 seconds
Aug 14 14:39:40.982172 msap1 systemd[1]: Started OpenSSH Per-Connection Daemon (172.30.19.19:57864).
Aug 14 14:39:40.982204 msap1 systemd-journald[128]: Forwarding to syslog missed 3 messages.
Aug 14 14:39:41.206773 msap1 systemd[1]: sshd@6-172.30.19.99:22-172.30.19.19:57864.service: Deactivated successfully.
Aug 14 14:39:57.396390 msap1 msap1-mqtt-publisher[572]: MQTT broker connection deferred: MQTT error [-1]; retrying in 60 seconds
Aug 14 14:40:11.234232 msap1 systemd[1]: Started OpenSSH Per-Connection Daemon (172.30.19.19:60856).
Aug 14 14:40:11.234258 msap1 systemd-journald[128]: Forwarding to syslog missed 3 messages.
Aug 14 14:40:11.454398 msap1 systemd[1]: sshd@7-172.30.19.99:22-172.30.19.19:60856.service: Deactivated successfully.
Aug 14 14:40:41.482236 msap1 systemd[1]: Started OpenSSH Per-Connection Daemon (172.30.19.19:50700).
Aug 14 14:40:41.485338 msap1 systemd-journald[128]: Forwarding to syslog missed 2 messages.
Aug 14 14:40:41.720125 msap1 systemd[1]: sshd@8-172.30.19.99:22-172.30.19.19:50700.service: Deactivated successfully.
Aug 14 14:40:57.468970 msap1 msap1-mqtt-publisher[572]: MQTT broker connection deferred: MQTT error [-1]; retrying in 60 seconds
Aug 14 14:41:11.758194 msap1 systemd[1]: Started OpenSSH Per-Connection Daemon (172.30.19.19:35564).
Aug 14 14:41:11.758220 msap1 systemd-journald[128]: Forwarding to syslog missed 3 messages.
Aug 14 14:41:11.978477 msap1 systemd[1]: sshd@9-172.30.19.99:22-172.30.19.19:35564.service: Deactivated successfully.
Aug 14 14:41:42.002381 msap1 systemd[1]: Started OpenSSH Per-Connection Daemon (172.30.19.19:39568).
Aug 14 14:41:42.003418 msap1 systemd-journald[128]: Forwarding to syslog missed 2 messages.
Aug 14 14:41:42.231468 msap1 systemd[1]: sshd@10-172.30.19.99:22-172.30.19.19:39568.service: Deactivated successfully.
Aug 14 14:41:57.541391 msap1 msap1-mqtt-publisher[572]: MQTT broker connection deferred: MQTT error [-1]; retrying in 60 seconds
Aug 14 14:42:12.262174 msap1 systemd[1]: Started OpenSSH Per-Connection Daemon (172.30.19.19:50290).
Aug 14 14:42:12.262205 msap1 systemd-journald[128]: Forwarding to syslog missed 3 messages.
Aug 14 14:42:12.492702 msap1 systemd[1]: sshd@11-172.30.19.99:22-172.30.19.19:50290.service: Deactivated successfully.
Aug 14 14:42:42.518251 msap1 systemd[1]: Started OpenSSH Per-Connection Daemon (172.30.19.19:47218).
Aug 14 14:42:42.518280 msap1 systemd-journald[128]: Forwarding to syslog missed 2 messages.
Aug 14 14:42:42.739558 msap1 systemd[1]: sshd@12-172.30.19.99:22-172.30.19.19:47218.service: Deactivated successfully.
Aug 14 14:42:57.613082 msap1 msap1-mqtt-publisher[572]: MQTT broker connection deferred: MQTT error [-1]; retrying in 60 seconds
Aug 14 14:43:12.774226 msap1 systemd[1]: Started OpenSSH Per-Connection Daemon (172.30.19.19:33066).
Aug 14 14:43:12.774252 msap1 systemd-journald[128]: Forwarding to syslog missed 3 messages.
Aug 14 14:43:12.994629 msap1 systemd[1]: sshd@13-172.30.19.99:22-172.30.19.19:33066.service: Deactivated successfully.
Aug 14 14:43:43.034178 msap1 systemd[1]: Started OpenSSH Per-Connection Daemon (172.30.19.19:33488).
Aug 14 14:43:43.034207 msap1 systemd-journald[128]: Forwarding to syslog missed 2 messages.
Aug 14 14:43:43.255429 msap1 systemd[1]: sshd@14-172.30.19.99:22-172.30.19.19:33488.service: Deactivated successfully.
Aug 14 14:43:57.686389 msap1 msap1-mqtt-publisher[572]: MQTT broker connection deferred: MQTT error [-1]; retrying in 60 seconds
Aug 14 14:44:13.282216 msap1 systemd[1]: Started OpenSSH Per-Connection Daemon (172.30.19.19:42948).
Aug 14 14:44:13.282245 msap1 systemd-journald[128]: Forwarding to syslog missed 3 messages.
Aug 14 14:44:13.502633 msap1 systemd[1]: sshd@15-172.30.19.99:22-172.30.19.19:42948.service: Deactivated successfully.
Aug 14 14:44:43.534188 msap1 systemd[1]: Started OpenSSH Per-Connection Daemon (172.30.19.19:55324).
Aug 14 14:44:43.534217 msap1 systemd-journald[128]: Forwarding to syslog missed 2 messages.
Aug 14 14:44:43.757564 msap1 systemd[1]: sshd@16-172.30.19.99:22-172.30.19.19:55324.service: Deactivated successfully.
Aug 14 14:44:57.758149 msap1 msap1-mqtt-publisher[572]: MQTT broker connection deferred: MQTT error [-1]; retrying in 60 seconds
Aug 14 14:45:13.790188 msap1 systemd[1]: Started OpenSSH Per-Connection Daemon (172.30.19.19:33586).
Aug 14 14:45:13.790222 msap1 systemd-journald[128]: Forwarding to syslog missed 3 messages.
Aug 14 14:45:14.010433 msap1 systemd[1]: sshd@17-172.30.19.99:22-172.30.19.19:33586.service: Deactivated successfully.
Aug 14 14:45:44.034307 msap1 systemd[1]: Started OpenSSH Per-Connection Daemon (172.30.19.19:54892).
Aug 14 14:45:44.034336 msap1 systemd-journald[128]: Forwarding to syslog missed 2 messages.
Aug 14 14:45:44.256335 msap1 systemd[1]: sshd@18-172.30.19.99:22-172.30.19.19:54892.service: Deactivated successfully.
Aug 14 14:45:57.831265 msap1 msap1-mqtt-publisher[572]: MQTT broker connection deferred: MQTT error [-1]; retrying in 60 seconds
Aug 14 14:46:14.294175 msap1 systemd[1]: Started OpenSSH Per-Connection Daemon (172.30.19.19:52106).
Aug 14 14:46:14.294209 msap1 systemd-journald[128]: Forwarding to syslog missed 3 messages.
Aug 14 14:46:14.516292 msap1 systemd[1]: sshd@19-172.30.19.99:22-172.30.19.19:52106.service: Deactivated successfully.
Aug 14 14:46:44.546170 msap1 systemd[1]: Started OpenSSH Per-Connection Daemon (172.30.19.19:42788).
Aug 14 14:46:44.546203 msap1 systemd-journald[128]: Forwarding to syslog missed 2 messages.
Aug 14 14:46:44.771397 msap1 systemd[1]: sshd@20-172.30.19.99:22-172.30.19.19:42788.service: Deactivated successfully.
Aug 14 14:46:57.903254 msap1 msap1-mqtt-publisher[572]: MQTT broker connection deferred: MQTT error [-1]; retrying in 60 seconds
Aug 14 14:47:23.951368 msap1 systemd-journald[128]: Forwarding to syslog missed 2 messages.
Aug 14 14:47:36.238183 msap1 systemd[1]: Started OpenSSH Per-Connection Daemon (172.30.19.19:56450).
Aug 14 14:47:36.460855 msap1 systemd[1]: sshd@21-172.30.19.99:22-172.30.19.19:56450.service: Deactivated successfully.
Aug 14 14:47:57.976716 msap1 msap1-mqtt-publisher[572]: MQTT broker connection deferred: MQTT error [-1]; retrying in 60 seconds
Aug 14 14:47:57.976742 msap1 systemd-journald[128]: Forwarding to syslog missed 3 messages.
Aug 14 14:48:33.239145 msap1 msap1-fpga-acquisition[410]: ADC SPI register read recovered after retry
Aug 14 14:48:33.239170 msap1 systemd-journald[128]: Forwarding to syslog missed 1 messages.
Aug 14 14:48:58.048357 msap1 msap1-mqtt-publisher[572]: MQTT broker connection deferred: MQTT error [-1]; retrying in 60 seconds
Aug 14 14:49:58.120715 msap1 msap1-mqtt-publisher[572]: MQTT broker connection deferred: MQTT error [-1]; retrying in 60 seconds
Aug 14 14:49:58.120744 msap1 systemd-journald[128]: Forwarding to syslog missed 2 messages.
Aug 14 14:50:03.300175 msap1 msap1-fpga-acquisition[410]: ADC SPI register read recovered after retry
Aug 14 14:50:58.251897 msap1 msap1-mqtt-publisher[572]: MQTT broker connection deferred: MQTT error [-1]; retrying in 60 seconds
Aug 14 14:50:58.251925 msap1 systemd-journald[128]: Forwarding to syslog missed 2 messages.
Aug 14 14:51:58.324516 msap1 msap1-mqtt-publisher[572]: MQTT broker connection deferred: MQTT error [-1]; retrying in 60 seconds
Aug 14 14:51:58.324631 msap1 systemd-journald[128]: Forwarding to syslog missed 1 messages.
Aug 14 14:52:58.397361 msap1 msap1-mqtt-publisher[572]: MQTT broker connection deferred: MQTT error [-1]; retrying in 60 seconds
Aug 14 14:52:58.397388 msap1 systemd-journald[128]: Forwarding to syslog missed 1 messages.
Aug 14 14:53:58.470519 msap1 msap1-mqtt-publisher[572]: MQTT broker connection deferred: MQTT error [-1]; retrying in 60 seconds
Aug 14 14:53:58.470546 msap1 systemd-journald[128]: Forwarding to syslog missed 1 messages.
Aug 14 14:54:58.543617 msap1 msap1-mqtt-publisher[572]: MQTT broker connection deferred: MQTT error [-1]; retrying in 60 seconds
Aug 14 14:54:58.543731 msap1 systemd-journald[128]: Forwarding to syslog missed 1 messages.
Aug 14 14:55:58.615929 msap1 msap1-mqtt-publisher[572]: MQTT broker connection deferred: MQTT error [-1]; retrying in 60 seconds
Aug 14 14:55:58.615956 msap1 systemd-journald[128]: Forwarding to syslog missed 1 messages.
Aug 14 14:56:58.687254 msap1 msap1-mqtt-publisher[572]: MQTT broker connection deferred: MQTT error [-1]; retrying in 60 seconds
Aug 14 14:56:58.687283 msap1 systemd-journald[128]: Forwarding to syslog missed 1 messages.
Aug 14 14:57:58.757025 msap1 msap1-mqtt-publisher[572]: MQTT broker connection deferred: MQTT error [-1]; retrying in 60 seconds
Aug 14 14:57:58.757145 msap1 systemd-journald[128]: Forwarding to syslog missed 1 messages.
Aug 14 14:58:58.826317 msap1 msap1-mqtt-publisher[572]: MQTT broker connection deferred: MQTT error [-1]; retrying in 60 seconds
Aug 14 14:58:58.826341 msap1 systemd-journald[128]: Forwarding to syslog missed 1 messages.
Aug 14 14:59:58.896094 msap1 msap1-mqtt-publisher[572]: MQTT broker connection deferred: MQTT error [-1]; retrying in 60 seconds
Aug 14 14:59:58.896121 msap1 systemd-journald[128]: Forwarding to syslog missed 1 messages.
Aug 14 15:00:58.968573 msap1 msap1-mqtt-publisher[572]: MQTT broker connection deferred: MQTT error [-1]; retrying in 60 seconds
Aug 14 15:00:58.968671 msap1 systemd-journald[128]: Forwarding to syslog missed 1 messages.
Aug 14 15:01:33.818070 msap1 msap1-fpga-acquisition[410]: ADC SPI register read recovered after retry
Aug 14 15:01:33.818097 msap1 systemd-journald[128]: Forwarding to syslog missed 1 messages.
Aug 14 15:01:59.040090 msap1 msap1-mqtt-publisher[572]: MQTT broker connection deferred: MQTT error [-1]; retrying in 60 seconds
Aug 14 15:02:23.951359 msap1 systemd-journald[128]: Forwarding to syslog missed 1 messages.
Aug 14 15:02:59.113691 msap1 msap1-mqtt-publisher[572]: MQTT broker connection deferred: MQTT error [-1]; retrying in 60 seconds
Aug 14 15:02:59.113718 msap1 systemd-journald[128]: Forwarding to syslog missed 1 messages.
Aug 14 15:03:59.185741 msap1 msap1-mqtt-publisher[572]: MQTT broker connection deferred: MQTT error [-1]; retrying in 60 seconds
Aug 14 15:03:59.185767 msap1 systemd-journald[128]: Forwarding to syslog missed 1 messages.
Aug 14 15:04:59.256533 msap1 msap1-mqtt-publisher[572]: MQTT broker connection deferred: MQTT error [-1]; retrying in 60 seconds
Aug 14 15:04:59.256560 msap1 systemd-journald[128]: Forwarding to syslog missed 1 messages.
Aug 14 15:05:34.011203 msap1 msap1-fpga-acquisition[410]: ADC SPI register read recovered after retry
Aug 14 15:05:34.011228 msap1 systemd-journald[128]: Forwarding to syslog missed 1 messages.
Aug 14 15:05:59.329859 msap1 msap1-mqtt-publisher[572]: MQTT broker connection deferred: MQTT error [-1]; retrying in 60 seconds
Aug 14 15:06:59.402978 msap1 systemd-journald[128]: Forwarding to syslog missed 1 messages.
Aug 14 15:06:59.402951 msap1 msap1-mqtt-publisher[572]: MQTT broker connection deferred: MQTT error [-1]; retrying in 60 seconds
Aug 14 15:07:59.476220 msap1 msap1-mqtt-publisher[572]: MQTT broker connection deferred: MQTT error [-1]; retrying in 60 seconds
Aug 14 15:07:59.476244 msap1 systemd-journald[128]: Forwarding to syslog missed 2 messages.
Aug 14 15:08:59.549498 msap1 msap1-mqtt-publisher[572]: MQTT broker connection deferred: MQTT error [-1]; retrying in 60 seconds
Aug 14 15:08:59.549523 msap1 systemd-journald[128]: Forwarding to syslog missed 1 messages.
Aug 14 15:09:59.622107 msap1 msap1-mqtt-publisher[572]: MQTT broker connection deferred: MQTT error [-1]; retrying in 60 seconds
Aug 14 15:09:59.622206 msap1 systemd-journald[128]: Forwarding to syslog missed 1 messages.
Aug 14 15:10:04.214475 msap1 msap1-fpga-acquisition[410]: ADC SPI register read recovered after retry
Aug 14 15:10:59.694412 msap1 msap1-mqtt-publisher[572]: MQTT broker connection deferred: MQTT error [-1]; retrying in 60 seconds
Aug 14 15:10:59.694438 msap1 systemd-journald[128]: Forwarding to syslog missed 2 messages.
Aug 14 15:11:59.766716 msap1 msap1-mqtt-publisher[572]: MQTT broker connection deferred: MQTT error [-1]; retrying in 60 seconds
Aug 14 15:11:59.766741 msap1 systemd-journald[128]: Forwarding to syslog missed 1 messages.
Aug 14 15:12:59.839605 msap1 msap1-mqtt-publisher[572]: MQTT broker connection deferred: MQTT error [-1]; retrying in 60 seconds
Aug 14 15:12:59.839718 msap1 systemd-journald[128]: Forwarding to syslog missed 1 messages.
Aug 14 15:13:59.910942 msap1 msap1-mqtt-publisher[572]: MQTT broker connection deferred: MQTT error [-1]; retrying in 60 seconds
Aug 14 15:13:59.910969 msap1 systemd-journald[128]: Forwarding to syslog missed 1 messages.
Aug 14 15:14:59.984667 msap1 msap1-mqtt-publisher[572]: MQTT broker connection deferred: MQTT error [-1]; retrying in 60 seconds
Aug 14 15:14:59.984692 msap1 systemd-journald[128]: Forwarding to syslog missed 1 messages.
Aug 14 15:15:34.478597 msap1 msap1-fpga-acquisition[410]: ADC SPI register read recovered after retry
Aug 14 15:15:34.478621 msap1 systemd-journald[128]: Forwarding to syslog missed 1 messages.
Aug 14 15:16:00.055997 msap1 msap1-mqtt-publisher[572]: MQTT broker connection deferred: MQTT error [-1]; retrying in 60 seconds
Aug 14 15:17:00.128320 msap1 msap1-mqtt-publisher[572]: MQTT broker connection deferred: MQTT error [-1]; retrying in 60 seconds
Aug 14 15:17:00.128344 msap1 systemd-journald[128]: Forwarding to syslog missed 2 messages.
Aug 14 15:18:00.202276 msap1 msap1-mqtt-publisher[572]: MQTT broker connection deferred: MQTT error [-1]; retrying in 60 seconds
Aug 14 15:18:00.202302 msap1 systemd-journald[128]: Forwarding to syslog missed 1 messages.
Aug 14 15:19:00.275729 msap1 msap1-mqtt-publisher[572]: MQTT broker connection deferred: MQTT error [-1]; retrying in 60 seconds
Aug 14 15:19:00.275760 msap1 systemd-journald[128]: Forwarding to syslog missed 1 messages.
Aug 14 15:20:00.347001 msap1 msap1-mqtt-publisher[572]: MQTT broker connection deferred: MQTT error [-1]; retrying in 60 seconds
Aug 14 15:20:00.347028 msap1 systemd-journald[128]: Forwarding to syslog missed 1 messages.
Aug 14 15:20:36.296235 msap1 msap1-meter-historian[398]: historian backfill begins after records already pruned from the spool
Aug 14 15:20:36.296263 msap1 systemd-journald[128]: Forwarding to syslog missed 1 messages.
Aug 14 15:20:38.031997 msap1 msap1-modbus-server[415]: Modbus settings check deferred: Operation canceled [system:125 at /usr/include/boost/asio/detail/reactive_socket_recv_op.hpp:133:5 in function 'static void boost::asio::detail::reactive_socket_recv_op<MutableBufferSequence, Handler, IoExecutor>::do_complete(void*, boost::asio::detail::operation*, const boost::system::error_code&, std::size_t)']
Aug 14 15:20:38.692004 msap1 msap1-mqtt-publisher[572]: MQTT settings check deferred: Operation canceled [system:125 at /usr/include/boost/asio/detail/reactive_socket_recv_op.hpp:133:5 in function 'static void boost::asio::detail::reactive_socket_recv_op<MutableBufferSequence, Handler, IoExecutor>::do_complete(void*, boost::asio::detail::operation*, const boost::system::error_code&, std::size_t)']
Aug 14 15:20:39.426389 msap1 msap1-fpga-acquisition[410]: live service settings refreshed without restarting capture
Aug 14 15:20:39.703219 msap1 msap1-service-manager[389]: MQTT activation policy deferred: Operation canceled [system:125 at /usr/include/boost/asio/detail/reactive_socket_recv_op.hpp:133:5 in function 'static void boost::asio::detail::reactive_socket_recv_op<MutableBufferSequence, Handler, IoExecutor>::do_complete(void*, boost::asio::detail::operation*, const boost::system::error_code&, std::size_t)']
Aug 14 15:20:39.708820 msap1 systemd[1]: Stopping MSAP1 MQTT meter-data publisher...
Aug 14 15:20:39.816049 msap1 msap1-mqtt-publisher[572]: MSAP1 MQTT publisher stopped
Aug 14 15:20:39.821133 msap1 systemd[1]: msap1-mqtt-publisher.service: Deactivated successfully.
Aug 14 15:20:39.821639 msap1 systemd[1]: Stopped MSAP1 MQTT meter-data publisher.
Aug 14 15:20:39.822300 msap1 systemd[1]: msap1-mqtt-publisher.service: Consumed 8.118s CPU time.
Aug 14 15:22:23.951376 msap1 systemd-journald[128]: Forwarding to syslog missed 9 messages.
Aug 14 15:24:34.895029 msap1 msap1-fpga-acquisition[410]: ADC SPI register read recovered after retry
Aug 14 15:24:34.895060 msap1 systemd-journald[128]: Forwarding to syslog missed 1 messages.
Aug 14 15:41:35.667259 msap1 msap1-fpga-acquisition[410]: ADC SPI register read recovered after retry
Aug 14 15:41:35.667286 msap1 systemd-journald[128]: Forwarding to syslog missed 1 messages.
Aug 14 15:45:35.860226 msap1 msap1-fpga-acquisition[410]: ADC SPI register read recovered after retry
Aug 14 15:45:35.860254 msap1 systemd-journald[128]: Forwarding to syslog missed 1 messages.
Aug 14 15:46:18.527951 msap1 systemd[1]: sshd@1-172.30.19.99:22-10.39.30.2:42660.service: Deactivated successfully.
Aug 14 15:46:18.528066 msap1 systemd-journald[128]: Forwarding to syslog missed 1 messages.
Aug 14 15:46:18.528423 msap1 systemd[1]: sshd@1-172.30.19.99:22-10.39.30.2:42660.service: Consumed 2.149s CPU time.
Aug 14 15:47:23.951367 msap1 systemd-journald[128]: Forwarding to syslog missed 1 messages.
Aug 14 15:49:36.043138 msap1 msap1-fpga-acquisition[410]: ADC SPI register read recovered after retry
Aug 14 15:49:36.043165 msap1 systemd-journald[128]: Forwarding to syslog missed 1 messages.
Aug 14 16:05:36.774595 msap1 msap1-fpga-acquisition[410]: ADC SPI register read recovered after retry
Aug 14 16:05:36.774620 msap1 systemd-journald[128]: Forwarding to syslog missed 1 messages.
Aug 14 16:38:08.258178 msap1 msap1-fpga-acquisition[410]: ADC SPI register read recovered after retry
Aug 14 16:38:08.258202 msap1 systemd-journald[128]: Forwarding to syslog missed 1 messages.
Aug 14 16:40:08.359633 msap1 msap1-fpga-acquisition[410]: ADC SPI register read recovered after retry
Aug 14 16:40:08.359744 msap1 systemd-journald[128]: Forwarding to syslog missed 1 messages.
Aug 14 16:46:08.623926 msap1 msap1-fpga-acquisition[410]: ADC SPI register read recovered after retry
Aug 14 16:46:08.624029 msap1 systemd-journald[128]: Forwarding to syslog missed 1 messages.
Aug 14 16:56:40.898096 msap1 msap1-web-backend[540]: 2026/08/14 16:56:40 [warn] 540#540: *94 an upstream response is buffered to a temporary file /run/monutchee/nginx/proxy/0000000001 while reading upstream, client: 172.30.50.10, server: _, request: "POST /api/v1/meter/history/query HTTP/1.1", upstream: "http://unix:/run/monutchee/web-backend.sock:/api/v1/meter/history/query", host: "172.30.19.99", referrer: "http://172.30.19.99/"
Aug 14 16:56:40.898096 msap1 systemd-journald[128]: Forwarding to syslog missed 1 messages.
Aug 14 17:01:09.304727 msap1 msap1-fpga-acquisition[410]: ADC SPI register read recovered after retry
Aug 14 17:01:09.304830 msap1 systemd-journald[128]: Forwarding to syslog missed 1 messages.
Aug 14 17:09:39.700933 msap1 msap1-fpga-acquisition[410]: ADC SPI register read recovered after retry
Aug 14 17:09:39.700969 msap1 systemd-journald[128]: Forwarding to syslog missed 1 messages.
Aug 14 17:15:09.954902 msap1 msap1-fpga-acquisition[410]: ADC SPI register read recovered after retry
Aug 14 17:15:09.954934 msap1 systemd-journald[128]: Forwarding to syslog missed 1 messages.
Aug 14 17:17:08.063966 msap1 msap1-fpga-acquisition[410]: meter record sequence gap: expected 61089, got 61090 (no kernel transport overrun)
Aug 14 17:17:08.063995 msap1 systemd-journald[128]: Forwarding to syslog missed 1 messages.
Aug 14 17:17:11.063002 msap1 msap1-fpga-acquisition[410]: meter record sequence gap: expected 61104, got 61105 (no kernel transport overrun)
Aug 14 17:17:14.062046 msap1 msap1-fpga-acquisition[410]: meter record sequence gap: expected 61119, got 61120 (no kernel transport overrun)
Aug 14 17:17:17.061072 msap1 msap1-fpga-acquisition[410]: meter record sequence gap: expected 61134, got 61135 (no kernel transport overrun)
Aug 14 17:17:20.060119 msap1 msap1-fpga-acquisition[410]: meter record sequence gap: expected 61149, got 61150 (no kernel transport overrun)
Aug 14 17:17:23.059256 msap1 msap1-fpga-acquisition[410]: meter record sequence gap: expected 61164, got 61165 (no kernel transport overrun)
Aug 14 17:17:26.058521 msap1 msap1-fpga-acquisition[410]: meter record sequence gap: expected 61179, got 61180 (no kernel transport overrun)
Aug 14 17:17:29.057730 msap1 msap1-fpga-acquisition[410]: meter record sequence gap: expected 61194, got 61195 (no kernel transport overrun)
Aug 14 17:17:32.056864 msap1 msap1-fpga-acquisition[410]: meter record sequence gap: expected 61209, got 61210 (no kernel transport overrun)
Aug 14 17:17:35.056021 msap1 msap1-fpga-acquisition[410]: meter record sequence gap: expected 61224, got 61225 (no kernel transport overrun)
Aug 14 17:17:38.055106 msap1 msap1-fpga-acquisition[410]: meter record sequence gap: expected 61239, got 61240 (no kernel transport overrun)
Aug 14 17:17:38.451361 msap1 systemd-journald[128]: Forwarding to syslog missed 10 messages.
Aug 14 17:17:41.054160 msap1 msap1-fpga-acquisition[410]: meter record sequence gap: expected 61254, got 61255 (no kernel transport overrun)
Aug 14 17:17:44.053367 msap1 msap1-fpga-acquisition[410]: meter record sequence gap: expected 61269, got 61270 (no kernel transport overrun)
Aug 14 17:17:47.052488 msap1 msap1-fpga-acquisition[410]: meter record sequence gap: expected 61284, got 61285 (no kernel transport overrun)
Aug 14 17:17:50.051765 msap1 msap1-fpga-acquisition[410]: meter record sequence gap: expected 61299, got 61300 (no kernel transport overrun)
Aug 14 17:17:53.051156 msap1 msap1-fpga-acquisition[410]: meter record sequence gap: expected 61314, got 61315 (no kernel transport overrun)
Aug 14 17:17:56.050615 msap1 msap1-fpga-acquisition[410]: meter record sequence gap: expected 61329, got 61330 (no kernel transport overrun)
Aug 14 17:17:59.050211 msap1 msap1-fpga-acquisition[410]: meter record sequence gap: expected 61344, got 61345 (no kernel transport overrun)
Aug 14 17:18:02.049997 msap1 msap1-fpga-acquisition[410]: meter record sequence gap: expected 61359, got 61360 (no kernel transport overrun)
Aug 14 17:18:05.049888 msap1 msap1-fpga-acquisition[410]: meter record sequence gap: expected 61374, got 61375 (no kernel transport overrun)
Aug 14 17:18:08.049789 msap1 msap1-fpga-acquisition[410]: meter record sequence gap: expected 61389, got 61390 (no kernel transport overrun)
Aug 14 17:18:11.049722 msap1 msap1-fpga-acquisition[410]: meter record sequence gap: expected 61404, got 61405 (no kernel transport overrun)
Aug 14 17:18:11.049748 msap1 systemd-journald[128]: Forwarding to syslog missed 11 messages.
Aug 14 17:18:14.049694 msap1 msap1-fpga-acquisition[410]: meter record sequence gap: expected 61419, got 61420 (no kernel transport overrun)
Aug 14 17:18:17.049674 msap1 msap1-fpga-acquisition[410]: meter record sequence gap: expected 61434, got 61435 (no kernel transport overrun)
Aug 14 17:18:20.049658 msap1 msap1-fpga-acquisition[410]: meter record sequence gap: expected 61449, got 61450 (no kernel transport overrun)
Aug 14 17:18:23.049557 msap1 msap1-fpga-acquisition[410]: meter record sequence gap: expected 61464, got 61465 (no kernel transport overrun)
Aug 14 17:18:26.049319 msap1 msap1-fpga-acquisition[410]: meter record sequence gap: expected 61479, got 61480 (no kernel transport overrun)
Aug 14 17:18:29.049091 msap1 msap1-fpga-acquisition[410]: meter record sequence gap: expected 61494, got 61495 (no kernel transport overrun)
Aug 14 17:18:32.048784 msap1 msap1-fpga-acquisition[410]: meter record sequence gap: expected 61509, got 61510 (no kernel transport overrun)
Aug 14 17:18:35.048320 msap1 msap1-fpga-acquisition[410]: meter record sequence gap: expected 61524, got 61525 (no kernel transport overrun)
Aug 14 17:18:38.047898 msap1 msap1-fpga-acquisition[410]: meter record sequence gap: expected 61539, got 61540 (no kernel transport overrun)
Aug 14 17:18:41.047480 msap1 msap1-fpga-acquisition[410]: meter record sequence gap: expected 61554, got 61555 (no kernel transport overrun)
Aug 14 17:18:41.451363 msap1 systemd-journald[128]: Forwarding to syslog missed 10 messages.
Aug 14 17:18:44.046790 msap1 msap1-fpga-acquisition[410]: meter record sequence gap: expected 61569, got 61570 (no kernel transport overrun)
Aug 14 17:18:47.046178 msap1 msap1-fpga-acquisition[410]: meter record sequence gap: expected 61584, got 61585 (no kernel transport overrun)
Aug 14 17:18:50.045564 msap1 msap1-fpga-acquisition[410]: meter record sequence gap: expected 61599, got 61600 (no kernel transport overrun)
Aug 14 17:18:53.044914 msap1 msap1-fpga-acquisition[410]: meter record sequence gap: expected 61614, got 61615 (no kernel transport overrun)
Aug 14 17:18:56.044368 msap1 msap1-fpga-acquisition[410]: meter record sequence gap: expected 61629, got 61630 (no kernel transport overrun)
Aug 14 17:18:59.043811 msap1 msap1-fpga-acquisition[410]: meter record sequence gap: expected 61644, got 61645 (no kernel transport overrun)
Aug 14 17:19:02.043206 msap1 msap1-fpga-acquisition[410]: meter record sequence gap: expected 61659, got 61660 (no kernel transport overrun)
Aug 14 17:19:05.042461 msap1 msap1-fpga-acquisition[410]: meter record sequence gap: expected 61674, got 61675 (no kernel transport overrun)
Aug 14 17:19:08.041626 msap1 msap1-fpga-acquisition[410]: meter record sequence gap: expected 61689, got 61690 (no kernel transport overrun)
Aug 14 17:19:11.040559 msap1 msap1-fpga-acquisition[410]: meter record sequence gap: expected 61704, got 61705 (no kernel transport overrun)
Aug 14 17:19:14.039486 msap1 msap1-fpga-acquisition[410]: meter record sequence gap: expected 61719, got 61720 (no kernel transport overrun)
Aug 14 17:19:14.039513 msap1 systemd-journald[128]: Forwarding to syslog missed 11 messages.
Aug 14 17:19:17.038434 msap1 msap1-fpga-acquisition[410]: meter record sequence gap: expected 61734, got 61735 (no kernel transport overrun)
Aug 14 17:19:20.037066 msap1 msap1-fpga-acquisition[410]: meter record sequence gap: expected 61749, got 61750 (no kernel transport overrun)
Aug 14 17:19:23.035857 msap1 msap1-fpga-acquisition[410]: meter record sequence gap: expected 61764, got 61765 (no kernel transport overrun)
Aug 14 17:19:26.034736 msap1 msap1-fpga-acquisition[410]: meter record sequence gap: expected 61779, got 61780 (no kernel transport overrun)
Aug 14 17:19:29.033606 msap1 msap1-fpga-acquisition[410]: meter record sequence gap: expected 61794, got 61795 (no kernel transport overrun)
Aug 14 17:19:32.032567 msap1 msap1-fpga-acquisition[410]: meter record sequence gap: expected 61809, got 61810 (no kernel transport overrun)
Aug 14 17:19:35.031656 msap1 msap1-fpga-acquisition[410]: meter record sequence gap: expected 61824, got 61825 (no kernel transport overrun)
Aug 14 17:19:38.030850 msap1 msap1-fpga-acquisition[410]: meter record sequence gap: expected 61839, got 61840 (no kernel transport overrun)
Aug 14 17:19:41.030157 msap1 msap1-fpga-acquisition[410]: meter record sequence gap: expected 61854, got 61855 (no kernel transport overrun)
Aug 14 17:19:44.029657 msap1 msap1-fpga-acquisition[410]: meter record sequence gap: expected 61869, got 61870 (no kernel transport overrun)
Aug 14 17:19:44.451359 msap1 systemd-journald[128]: Forwarding to syslog missed 10 messages.
Aug 14 17:19:47.029082 msap1 msap1-fpga-acquisition[410]: meter record sequence gap: expected 61884, got 61885 (no kernel transport overrun)
Aug 14 17:19:50.028636 msap1 msap1-fpga-acquisition[410]: meter record sequence gap: expected 61899, got 61900 (no kernel transport overrun)
Aug 14 17:19:53.028308 msap1 msap1-fpga-acquisition[410]: meter record sequence gap: expected 61914, got 61915 (no kernel transport overrun)
Aug 14 17:19:56.027924 msap1 msap1-fpga-acquisition[410]: meter record sequence gap: expected 61929, got 61930 (no kernel transport overrun)
Aug 14 17:19:59.027578 msap1 msap1-fpga-acquisition[410]: meter record sequence gap: expected 61944, got 61945 (no kernel transport overrun)
Aug 14 17:20:02.027388 msap1 msap1-fpga-acquisition[410]: meter record sequence gap: expected 61959, got 61960 (no kernel transport overrun)
Aug 14 17:20:05.027381 msap1 msap1-fpga-acquisition[410]: meter record sequence gap: expected 61974, got 61975 (no kernel transport overrun)
Aug 14 17:20:08.027561 msap1 msap1-fpga-acquisition[410]: meter record sequence gap: expected 61989, got 61990 (no kernel transport overrun)
Aug 14 17:20:11.027878 msap1 msap1-fpga-acquisition[410]: meter record sequence gap: expected 62004, got 62005 (no kernel transport overrun)
Aug 14 17:20:14.028073 msap1 msap1-fpga-acquisition[410]: meter record sequence gap: expected 62019, got 62020 (no kernel transport overrun)
Aug 14 17:20:14.451360 msap1 systemd-journald[128]: Forwarding to syslog missed 10 messages.
Aug 14 17:20:17.028146 msap1 msap1-fpga-acquisition[410]: meter record sequence gap: expected 62034, got 62035 (no kernel transport overrun)
Aug 14 17:20:20.028127 msap1 msap1-fpga-acquisition[410]: meter record sequence gap: expected 62049, got 62050 (no kernel transport overrun)
Aug 14 17:20:23.027918 msap1 msap1-fpga-acquisition[410]: meter record sequence gap: expected 62064, got 62065 (no kernel transport overrun)
Aug 14 17:20:26.027598 msap1 msap1-fpga-acquisition[410]: meter record sequence gap: expected 62079, got 62080 (no kernel transport overrun)
Aug 14 17:20:29.027208 msap1 msap1-fpga-acquisition[410]: meter record sequence gap: expected 62094, got 62095 (no kernel transport overrun)
Aug 14 17:20:32.026798 msap1 msap1-fpga-acquisition[410]: meter record sequence gap: expected 62109, got 62110 (no kernel transport overrun)
Aug 14 17:20:35.026528 msap1 msap1-fpga-acquisition[410]: meter record sequence gap: expected 62124, got 62125 (no kernel transport overrun)
Aug 14 17:20:38.026357 msap1 msap1-fpga-acquisition[410]: meter record sequence gap: expected 62139, got 62140 (no kernel transport overrun)
Aug 14 17:20:41.026315 msap1 msap1-fpga-acquisition[410]: meter record sequence gap: expected 62154, got 62155 (no kernel transport overrun)
Aug 14 17:20:44.026343 msap1 msap1-fpga-acquisition[410]: meter record sequence gap: expected 62169, got 62170 (no kernel transport overrun)
Aug 14 17:20:44.451377 msap1 systemd-journald[128]: Forwarding to syslog missed 10 messages.
Aug 14 17:20:47.026416 msap1 msap1-fpga-acquisition[410]: meter record sequence gap: expected 62184, got 62185 (no kernel transport overrun)
Aug 14 17:20:50.026445 msap1 msap1-fpga-acquisition[410]: meter record sequence gap: expected 62199, got 62200 (no kernel transport overrun)
Aug 14 17:20:53.026611 msap1 msap1-fpga-acquisition[410]: meter record sequence gap: expected 62214, got 62215 (no kernel transport overrun)
Aug 14 17:20:56.026789 msap1 msap1-fpga-acquisition[410]: meter record sequence gap: expected 62229, got 62230 (no kernel transport overrun)
Aug 14 17:20:59.026875 msap1 msap1-fpga-acquisition[410]: meter record sequence gap: expected 62244, got 62245 (no kernel transport overrun)
Aug 14 17:21:02.027090 msap1 msap1-fpga-acquisition[410]: meter record sequence gap: expected 62259, got 62260 (no kernel transport overrun)
Aug 14 17:21:05.027058 msap1 msap1-fpga-acquisition[410]: meter record sequence gap: expected 62274, got 62275 (no kernel transport overrun)
Aug 14 17:21:08.026950 msap1 msap1-fpga-acquisition[410]: meter record sequence gap: expected 62289, got 62290 (no kernel transport overrun)
Aug 14 17:21:11.026854 msap1 msap1-fpga-acquisition[410]: meter record sequence gap: expected 62304, got 62305 (no kernel transport overrun)
Aug 14 17:21:14.026692 msap1 msap1-fpga-acquisition[410]: meter record sequence gap: expected 62319, got 62320 (no kernel transport overrun)
Aug 14 17:21:17.026448 msap1 msap1-fpga-acquisition[410]: meter record sequence gap: expected 62334, got 62335 (no kernel transport overrun)
Aug 14 17:21:17.026475 msap1 systemd-journald[128]: Forwarding to syslog missed 11 messages.
Aug 14 17:21:20.026076 msap1 msap1-fpga-acquisition[410]: meter record sequence gap: expected 62349, got 62350 (no kernel transport overrun)
Aug 14 17:21:23.025770 msap1 msap1-fpga-acquisition[410]: meter record sequence gap: expected 62364, got 62365 (no kernel transport overrun)
Aug 14 17:21:26.025340 msap1 msap1-fpga-acquisition[410]: meter record sequence gap: expected 62379, got 62380 (no kernel transport overrun)
Aug 14 17:21:29.025007 msap1 msap1-fpga-acquisition[410]: meter record sequence gap: expected 62394, got 62395 (no kernel transport overrun)
Aug 14 17:21:32.024746 msap1 msap1-fpga-acquisition[410]: meter record sequence gap: expected 62409, got 62410 (no kernel transport overrun)
Aug 14 17:21:35.024675 msap1 msap1-fpga-acquisition[410]: meter record sequence gap: expected 62424, got 62425 (no kernel transport overrun)
Aug 14 17:21:38.024869 msap1 msap1-fpga-acquisition[410]: meter record sequence gap: expected 62439, got 62440 (no kernel transport overrun)
Aug 14 17:21:41.025302 msap1 msap1-fpga-acquisition[410]: meter record sequence gap: expected 62454, got 62455 (no kernel transport overrun)
Aug 14 17:21:44.025601 msap1 msap1-fpga-acquisition[410]: meter record sequence gap: expected 62469, got 62470 (no kernel transport overrun)
Aug 14 17:21:47.026113 msap1 msap1-fpga-acquisition[410]: meter record sequence gap: expected 62484, got 62485 (no kernel transport overrun)
Aug 14 17:21:47.451363 msap1 systemd-journald[128]: Forwarding to syslog missed 10 messages.
Aug 14 17:21:50.026596 msap1 msap1-fpga-acquisition[410]: meter record sequence gap: expected 62499, got 62500 (no kernel transport overrun)
Aug 14 17:21:53.027162 msap1 msap1-fpga-acquisition[410]: meter record sequence gap: expected 62514, got 62515 (no kernel transport overrun)
Aug 14 17:21:56.027922 msap1 msap1-fpga-acquisition[410]: meter record sequence gap: expected 62529, got 62530 (no kernel transport overrun)
Aug 14 17:21:59.028795 msap1 msap1-fpga-acquisition[410]: meter record sequence gap: expected 62544, got 62545 (no kernel transport overrun)
Aug 14 17:22:02.029829 msap1 msap1-fpga-acquisition[410]: meter record sequence gap: expected 62559, got 62560 (no kernel transport overrun)
Aug 14 17:22:05.030817 msap1 msap1-fpga-acquisition[410]: meter record sequence gap: expected 62574, got 62575 (no kernel transport overrun)
Aug 14 17:22:08.031930 msap1 msap1-fpga-acquisition[410]: meter record sequence gap: expected 62589, got 62590 (no kernel transport overrun)
Aug 14 17:22:11.033012 msap1 msap1-fpga-acquisition[410]: meter record sequence gap: expected 62604, got 62605 (no kernel transport overrun)
Aug 14 17:22:14.033998 msap1 msap1-fpga-acquisition[410]: meter record sequence gap: expected 62619, got 62620 (no kernel transport overrun)
Aug 14 17:22:17.035594 msap1 msap1-fpga-acquisition[410]: meter record sequence gap: expected 62634, got 62635 (no kernel transport overrun)
Aug 14 17:22:20.036128 msap1 msap1-fpga-acquisition[410]: meter record sequence gap: expected 62649, got 62650 (no kernel transport overrun)
Aug 14 17:22:20.036154 msap1 systemd-journald[128]: Forwarding to syslog missed 11 messages.
Aug 14 17:22:23.037188 msap1 msap1-fpga-acquisition[410]: meter record sequence gap: expected 62664, got 62665 (no kernel transport overrun)
Aug 14 17:22:26.038262 msap1 msap1-fpga-acquisition[410]: meter record sequence gap: expected 62679, got 62680 (no kernel transport overrun)
Aug 14 17:22:29.039266 msap1 msap1-fpga-acquisition[410]: meter record sequence gap: expected 62694, got 62695 (no kernel transport overrun)
Aug 14 17:22:32.040124 msap1 msap1-fpga-acquisition[410]: meter record sequence gap: expected 62709, got 62710 (no kernel transport overrun)
Aug 14 17:22:35.040885 msap1 msap1-fpga-acquisition[410]: meter record sequence gap: expected 62724, got 62725 (no kernel transport overrun)
Aug 14 17:22:38.041569 msap1 msap1-fpga-acquisition[410]: meter record sequence gap: expected 62739, got 62740 (no kernel transport overrun)
Aug 14 17:22:41.042173 msap1 msap1-fpga-acquisition[410]: meter record sequence gap: expected 62754, got 62755 (no kernel transport overrun)
Aug 14 17:22:44.042760 msap1 msap1-fpga-acquisition[410]: meter record sequence gap: expected 62769, got 62770 (no kernel transport overrun)
Aug 14 17:22:47.043514 msap1 msap1-fpga-acquisition[410]: meter record sequence gap: expected 62784, got 62785 (no kernel transport overrun)
Aug 14 17:22:50.044276 msap1 msap1-fpga-acquisition[410]: meter record sequence gap: expected 62799, got 62800 (no kernel transport overrun)
Aug 14 17:22:50.044303 msap1 systemd-journald[128]: Forwarding to syslog missed 10 messages.
Aug 14 17:22:53.045056 msap1 msap1-fpga-acquisition[410]: meter record sequence gap: expected 62814, got 62815 (no kernel transport overrun)
Aug 14 17:22:56.045945 msap1 msap1-fpga-acquisition[410]: meter record sequence gap: expected 62829, got 62830 (no kernel transport overrun)
Aug 14 17:22:59.046929 msap1 msap1-fpga-acquisition[410]: meter record sequence gap: expected 62844, got 62845 (no kernel transport overrun)
Aug 14 17:23:02.047949 msap1 msap1-fpga-acquisition[410]: meter record sequence gap: expected 62859, got 62860 (no kernel transport overrun)
Aug 14 17:23:05.049156 msap1 msap1-fpga-acquisition[410]: meter record sequence gap: expected 62874, got 62875 (no kernel transport overrun)
Aug 14 17:23:08.050392 msap1 msap1-fpga-acquisition[410]: meter record sequence gap: expected 62889, got 62890 (no kernel transport overrun)
Aug 14 17:23:10.333458 msap1 msap1-fpga-acquisition[410]: ADC SPI register read recovered after retry
Aug 14 17:23:11.051486 msap1 msap1-fpga-acquisition[410]: meter record sequence gap: expected 62904, got 62905 (no kernel transport overrun)
Aug 14 17:23:14.052498 msap1 msap1-fpga-acquisition[410]: meter record sequence gap: expected 62919, got 62920 (no kernel transport overrun)
Aug 14 17:23:17.053559 msap1 msap1-fpga-acquisition[410]: meter record sequence gap: expected 62934, got 62935 (no kernel transport overrun)
Aug 14 17:23:20.054714 msap1 msap1-fpga-acquisition[410]: meter record sequence gap: expected 62949, got 62950 (no kernel transport overrun)
Aug 14 17:23:20.054741 msap1 systemd-journald[128]: Forwarding to syslog missed 11 messages.
Aug 14 17:23:23.055429 msap1 msap1-fpga-acquisition[410]: meter record sequence gap: expected 62964, got 62965 (no kernel transport overrun)
Aug 14 17:23:26.056024 msap1 msap1-fpga-acquisition[410]: meter record sequence gap: expected 62979, got 62980 (no kernel transport overrun)
Aug 14 17:23:29.056526 msap1 msap1-fpga-acquisition[410]: meter record sequence gap: expected 62994, got 62995 (no kernel transport overrun)
Aug 14 17:23:32.056868 msap1 msap1-fpga-acquisition[410]: meter record sequence gap: expected 63009, got 63010 (no kernel transport overrun)
Aug 14 17:23:35.057151 msap1 msap1-fpga-acquisition[410]: meter record sequence gap: expected 63024, got 63025 (no kernel transport overrun)
Aug 14 17:23:38.057410 msap1 msap1-fpga-acquisition[410]: meter record sequence gap: expected 63039, got 63040 (no kernel transport overrun)
Aug 14 17:23:41.057717 msap1 msap1-fpga-acquisition[410]: meter record sequence gap: expected 63054, got 63055 (no kernel transport overrun)
Aug 14 17:23:44.057913 msap1 msap1-fpga-acquisition[410]: meter record sequence gap: expected 63069, got 63070 (no kernel transport overrun)
Aug 14 17:23:47.058085 msap1 msap1-fpga-acquisition[410]: meter record sequence gap: expected 63084, got 63085 (no kernel transport overrun)
Aug 14 17:23:50.058330 msap1 msap1-fpga-acquisition[410]: meter record sequence gap: expected 63099, got 63100 (no kernel transport overrun)
Aug 14 17:23:50.058359 msap1 systemd-journald[128]: Forwarding to syslog missed 10 messages.
Aug 14 17:23:53.058711 msap1 msap1-fpga-acquisition[410]: meter record sequence gap: expected 63114, got 63115 (no kernel transport overrun)
Aug 14 17:23:56.059058 msap1 msap1-fpga-acquisition[410]: meter record sequence gap: expected 63129, got 63130 (no kernel transport overrun)
Aug 14 17:23:59.059367 msap1 msap1-fpga-acquisition[410]: meter record sequence gap: expected 63144, got 63145 (no kernel transport overrun)
Aug 14 17:24:02.059613 msap1 msap1-fpga-acquisition[410]: meter record sequence gap: expected 63159, got 63160 (no kernel transport overrun)
Aug 14 17:24:05.059839 msap1 msap1-fpga-acquisition[410]: meter record sequence gap: expected 63174, got 63175 (no kernel transport overrun)
Aug 14 17:24:08.059974 msap1 msap1-fpga-acquisition[410]: meter record sequence gap: expected 63189, got 63190 (no kernel transport overrun)
Aug 14 17:24:11.059894 msap1 msap1-fpga-acquisition[410]: meter record sequence gap: expected 63204, got 63205 (no kernel transport overrun)
Aug 14 17:24:14.059783 msap1 msap1-fpga-acquisition[410]: meter record sequence gap: expected 63219, got 63220 (no kernel transport overrun)
Aug 14 17:24:17.059742 msap1 msap1-fpga-acquisition[410]: meter record sequence gap: expected 63234, got 63235 (no kernel transport overrun)
Aug 14 17:24:20.059839 msap1 msap1-fpga-acquisition[410]: meter record sequence gap: expected 63249, got 63250 (no kernel transport overrun)
Aug 14 17:24:20.059865 msap1 systemd-journald[128]: Forwarding to syslog missed 10 messages.
Aug 14 17:24:23.060100 msap1 msap1-fpga-acquisition[410]: meter record sequence gap: expected 63264, got 63265 (no kernel transport overrun)
Aug 14 17:24:26.060310 msap1 msap1-fpga-acquisition[410]: meter record sequence gap: expected 63279, got 63280 (no kernel transport overrun)
Aug 14 17:24:29.060065 msap1 msap1-fpga-acquisition[410]: meter record sequence gap: expected 63294, got 63295 (no kernel transport overrun)
Aug 14 17:24:32.059921 msap1 msap1-fpga-acquisition[410]: meter record sequence gap: expected 63309, got 63310 (no kernel transport overrun)
Aug 14 17:24:35.059651 msap1 msap1-fpga-acquisition[410]: meter record sequence gap: expected 63324, got 63325 (no kernel transport overrun)
Aug 14 17:24:38.059310 msap1 msap1-fpga-acquisition[410]: meter record sequence gap: expected 63339, got 63340 (no kernel transport overrun)
Aug 14 17:24:41.059030 msap1 msap1-fpga-acquisition[410]: meter record sequence gap: expected 63354, got 63355 (no kernel transport overrun)
Aug 14 17:24:44.058810 msap1 msap1-fpga-acquisition[410]: meter record sequence gap: expected 63369, got 63370 (no kernel transport overrun)
Aug 14 17:24:47.058557 msap1 msap1-fpga-acquisition[410]: meter record sequence gap: expected 63384, got 63385 (no kernel transport overrun)
Aug 14 17:24:50.058297 msap1 msap1-fpga-acquisition[410]: meter record sequence gap: expected 63399, got 63400 (no kernel transport overrun)
Aug 14 17:24:50.451360 msap1 systemd-journald[128]: Forwarding to syslog missed 10 messages.
Aug 14 17:24:53.058036 msap1 msap1-fpga-acquisition[410]: meter record sequence gap: expected 63414, got 63415 (no kernel transport overrun)
Aug 14 17:24:56.057737 msap1 msap1-fpga-acquisition[410]: meter record sequence gap: expected 63429, got 63430 (no kernel transport overrun)
Aug 14 17:24:59.057438 msap1 msap1-fpga-acquisition[410]: meter record sequence gap: expected 63444, got 63445 (no kernel transport overrun)
Aug 14 17:25:02.057159 msap1 msap1-fpga-acquisition[410]: meter record sequence gap: expected 63459, got 63460 (no kernel transport overrun)
Aug 14 17:25:05.056976 msap1 msap1-fpga-acquisition[410]: meter record sequence gap: expected 63474, got 63475 (no kernel transport overrun)
Aug 14 17:25:08.056808 msap1 msap1-fpga-acquisition[410]: meter record sequence gap: expected 63489, got 63490 (no kernel transport overrun)
Aug 14 17:25:11.056660 msap1 msap1-fpga-acquisition[410]: meter record sequence gap: expected 63504, got 63505 (no kernel transport overrun)
Aug 14 17:25:14.056508 msap1 msap1-fpga-acquisition[410]: meter record sequence gap: expected 63519, got 63520 (no kernel transport overrun)
Aug 14 17:25:17.056338 msap1 msap1-fpga-acquisition[410]: meter record sequence gap: expected 63534, got 63535 (no kernel transport overrun)
Aug 14 17:25:20.056232 msap1 msap1-fpga-acquisition[410]: meter record sequence gap: expected 63549, got 63550 (no kernel transport overrun)
Aug 14 17:25:23.056111 msap1 msap1-fpga-acquisition[410]: meter record sequence gap: expected 63564, got 63565 (no kernel transport overrun)
Aug 14 17:25:23.056137 msap1 systemd-journald[128]: Forwarding to syslog missed 11 messages.
Aug 14 17:25:26.056111 msap1 msap1-fpga-acquisition[410]: meter record sequence gap: expected 63579, got 63580 (no kernel transport overrun)
Aug 14 17:25:29.056084 msap1 msap1-fpga-acquisition[410]: meter record sequence gap: expected 63594, got 63595 (no kernel transport overrun)
Aug 14 17:25:32.056023 msap1 msap1-fpga-acquisition[410]: meter record sequence gap: expected 63609, got 63610 (no kernel transport overrun)
Aug 14 17:25:35.056015 msap1 msap1-fpga-acquisition[410]: meter record sequence gap: expected 63624, got 63625 (no kernel transport overrun)
Aug 14 17:25:38.056071 msap1 msap1-fpga-acquisition[410]: meter record sequence gap: expected 63639, got 63640 (no kernel transport overrun)
Aug 14 17:25:41.056276 msap1 msap1-fpga-acquisition[410]: meter record sequence gap: expected 63654, got 63655 (no kernel transport overrun)
Aug 14 17:25:44.056590 msap1 msap1-fpga-acquisition[410]: meter record sequence gap: expected 63669, got 63670 (no kernel transport overrun)
Aug 14 17:25:47.056934 msap1 msap1-fpga-acquisition[410]: meter record sequence gap: expected 63684, got 63685 (no kernel transport overrun)
Aug 14 17:25:50.057462 msap1 msap1-fpga-acquisition[410]: meter record sequence gap: expected 63699, got 63700 (no kernel transport overrun)
Aug 14 17:25:53.057992 msap1 msap1-fpga-acquisition[410]: meter record sequence gap: expected 63714, got 63715 (no kernel transport overrun)
Aug 14 17:25:53.058018 msap1 systemd-journald[128]: Forwarding to syslog missed 10 messages.
Aug 14 17:25:56.058665 msap1 msap1-fpga-acquisition[410]: meter record sequence gap: expected 63729, got 63730 (no kernel transport overrun)
Aug 14 17:25:59.059303 msap1 msap1-fpga-acquisition[410]: meter record sequence gap: expected 63744, got 63745 (no kernel transport overrun)
Aug 14 17:26:02.059924 msap1 msap1-fpga-acquisition[410]: meter record sequence gap: expected 63759, got 63760 (no kernel transport overrun)
Aug 14 17:26:05.060503 msap1 msap1-fpga-acquisition[410]: meter record sequence gap: expected 63774, got 63775 (no kernel transport overrun)
Aug 14 17:26:08.061011 msap1 msap1-fpga-acquisition[410]: meter record sequence gap: expected 63789, got 63790 (no kernel transport overrun)
Aug 14 17:26:11.061546 msap1 msap1-fpga-acquisition[410]: meter record sequence gap: expected 63804, got 63805 (no kernel transport overrun)
Aug 14 17:26:14.061822 msap1 msap1-fpga-acquisition[410]: meter record sequence gap: expected 63819, got 63820 (no kernel transport overrun)
Aug 14 17:26:17.062143 msap1 msap1-fpga-acquisition[410]: meter record sequence gap: expected 63834, got 63835 (no kernel transport overrun)
Aug 14 17:26:20.062359 msap1 msap1-fpga-acquisition[410]: meter record sequence gap: expected 63849, got 63850 (no kernel transport overrun)
Aug 14 17:26:23.062767 msap1 systemd-journald[128]: Forwarding to syslog missed 9 messages.
Aug 14 17:26:23.062740 msap1 msap1-fpga-acquisition[410]: meter record sequence gap: expected 63864, got 63865 (no kernel transport overrun)
Aug 14 17:26:26.063246 msap1 msap1-fpga-acquisition[410]: meter record sequence gap: expected 63879, got 63880 (no kernel transport overrun)
Aug 14 17:26:29.063828 msap1 msap1-fpga-acquisition[410]: meter record sequence gap: expected 63894, got 63895 (no kernel transport overrun)
Aug 14 17:26:32.064509 msap1 msap1-fpga-acquisition[410]: meter record sequence gap: expected 63909, got 63910 (no kernel transport overrun)
Aug 14 17:26:35.065160 msap1 msap1-fpga-acquisition[410]: meter record sequence gap: expected 63924, got 63925 (no kernel transport overrun)
Aug 14 17:26:38.065911 msap1 msap1-fpga-acquisition[410]: meter record sequence gap: expected 63939, got 63940 (no kernel transport overrun)
Aug 14 17:26:41.066732 msap1 msap1-fpga-acquisition[410]: meter record sequence gap: expected 63954, got 63955 (no kernel transport overrun)
Aug 14 17:26:44.067672 msap1 msap1-fpga-acquisition[410]: meter record sequence gap: expected 63969, got 63970 (no kernel transport overrun)
Aug 14 17:26:47.068698 msap1 msap1-fpga-acquisition[410]: meter record sequence gap: expected 63984, got 63985 (no kernel transport overrun)
Aug 14 17:26:50.069806 msap1 msap1-fpga-acquisition[410]: meter record sequence gap: expected 63999, got 64000 (no kernel transport overrun)
Aug 14 17:26:53.070973 msap1 msap1-fpga-acquisition[410]: meter record sequence gap: expected 64014, got 64015 (no kernel transport overrun)
Aug 14 17:26:53.070998 msap1 systemd-journald[128]: Forwarding to syslog missed 11 messages.
Aug 14 17:26:56.072045 msap1 msap1-fpga-acquisition[410]: meter record sequence gap: expected 64029, got 64030 (no kernel transport overrun)
Aug 14 17:26:59.073446 msap1 msap1-fpga-acquisition[410]: meter record sequence gap: expected 64044, got 64045 (no kernel transport overrun)
Aug 14 17:27:02.075038 msap1 msap1-fpga-acquisition[410]: meter record sequence gap: expected 64059, got 64060 (no kernel transport overrun)
Aug 14 17:27:05.076597 msap1 msap1-fpga-acquisition[410]: meter record sequence gap: expected 64074, got 64075 (no kernel transport overrun)
Aug 14 17:27:08.078462 msap1 msap1-fpga-acquisition[410]: meter record sequence gap: expected 64089, got 64090 (no kernel transport overrun)
Aug 14 17:27:11.080050 msap1 msap1-fpga-acquisition[410]: meter record sequence gap: expected 64104, got 64105 (no kernel transport overrun)
Aug 14 17:27:14.081847 msap1 msap1-fpga-acquisition[410]: meter record sequence gap: expected 64119, got 64120 (no kernel transport overrun)
Aug 14 17:27:17.083655 msap1 msap1-fpga-acquisition[410]: meter record sequence gap: expected 64134, got 64135 (no kernel transport overrun)
Aug 14 17:27:20.085434 msap1 msap1-fpga-acquisition[410]: meter record sequence gap: expected 64149, got 64150 (no kernel transport overrun)
Aug 14 17:27:23.087117 msap1 msap1-fpga-acquisition[410]: meter record sequence gap: expected 64164, got 64165 (no kernel transport overrun)
Aug 14 17:27:23.087145 msap1 systemd-journald[128]: Forwarding to syslog missed 10 messages.
Aug 14 17:27:26.088483 msap1 msap1-fpga-acquisition[410]: meter record sequence gap: expected 64179, got 64180 (no kernel transport overrun)
Aug 14 17:27:29.089963 msap1 msap1-fpga-acquisition[410]: meter record sequence gap: expected 64194, got 64195 (no kernel transport overrun)
Aug 14 17:27:32.091206 msap1 msap1-fpga-acquisition[410]: meter record sequence gap: expected 64209, got 64210 (no kernel transport overrun)
Aug 14 17:27:35.092303 msap1 msap1-fpga-acquisition[410]: meter record sequence gap: expected 64224, got 64225 (no kernel transport overrun)
Aug 14 17:27:38.093363 msap1 msap1-fpga-acquisition[410]: meter record sequence gap: expected 64239, got 64240 (no kernel transport overrun)
Aug 14 17:27:41.094392 msap1 msap1-fpga-acquisition[410]: meter record sequence gap: expected 64254, got 64255 (no kernel transport overrun)
Aug 14 17:27:44.095425 msap1 msap1-fpga-acquisition[410]: meter record sequence gap: expected 64269, got 64270 (no kernel transport overrun)
Aug 14 17:27:47.096544 msap1 msap1-fpga-acquisition[410]: meter record sequence gap: expected 64284, got 64285 (no kernel transport overrun)
Aug 14 17:27:50.097509 msap1 msap1-fpga-acquisition[410]: meter record sequence gap: expected 64299, got 64300 (no kernel transport overrun)
Aug 14 17:27:53.098588 msap1 systemd-journald[128]: Forwarding to syslog missed 9 messages.
Aug 14 17:27:53.098561 msap1 msap1-fpga-acquisition[410]: meter record sequence gap: expected 64314, got 64315 (no kernel transport overrun)
Aug 14 17:27:56.099768 msap1 msap1-fpga-acquisition[410]: meter record sequence gap: expected 64329, got 64330 (no kernel transport overrun)
Aug 14 17:27:59.100870 msap1 msap1-fpga-acquisition[410]: meter record sequence gap: expected 64344, got 64345 (no kernel transport overrun)
Aug 14 17:28:02.102103 msap1 msap1-fpga-acquisition[410]: meter record sequence gap: expected 64359, got 64360 (no kernel transport overrun)
Aug 14 17:28:05.103232 msap1 msap1-fpga-acquisition[410]: meter record sequence gap: expected 64374, got 64375 (no kernel transport overrun)
Aug 14 17:28:08.104492 msap1 msap1-fpga-acquisition[410]: meter record sequence gap: expected 64389, got 64390 (no kernel transport overrun)
Aug 14 17:28:11.105956 msap1 msap1-fpga-acquisition[410]: meter record sequence gap: expected 64404, got 64405 (no kernel transport overrun)
Aug 14 17:28:14.107241 msap1 msap1-fpga-acquisition[410]: meter record sequence gap: expected 64419, got 64420 (no kernel transport overrun)
Aug 14 17:28:17.109263 msap1 msap1-fpga-acquisition[410]: meter record sequence gap: expected 64434, got 64435 (no kernel transport overrun)
Aug 14 17:28:20.109919 msap1 msap1-fpga-acquisition[410]: meter record sequence gap: expected 64449, got 64450 (no kernel transport overrun)
Aug 14 17:28:23.111141 msap1 msap1-fpga-acquisition[410]: meter record sequence gap: expected 64464, got 64465 (no kernel transport overrun)
Aug 14 17:28:23.111165 msap1 systemd-journald[128]: Forwarding to syslog missed 11 messages.
Aug 14 17:28:26.112190 msap1 msap1-fpga-acquisition[410]: meter record sequence gap: expected 64479, got 64480 (no kernel transport overrun)
Aug 14 17:28:29.113409 msap1 msap1-fpga-acquisition[410]: meter record sequence gap: expected 64494, got 64495 (no kernel transport overrun)
Aug 14 17:28:32.114318 msap1 msap1-fpga-acquisition[410]: meter record sequence gap: expected 64509, got 64510 (no kernel transport overrun)
Aug 14 17:28:35.115236 msap1 msap1-fpga-acquisition[410]: meter record sequence gap: expected 64524, got 64525 (no kernel transport overrun)
Aug 14 17:28:38.116551 msap1 msap1-fpga-acquisition[410]: meter record sequence gap: expected 64539, got 64540 (no kernel transport overrun)
Aug 14 17:28:41.117403 msap1 msap1-fpga-acquisition[410]: meter record sequence gap: expected 64554, got 64555 (no kernel transport overrun)
Aug 14 17:28:44.118379 msap1 msap1-fpga-acquisition[410]: meter record sequence gap: expected 64569, got 64570 (no kernel transport overrun)
Aug 14 17:28:47.119667 msap1 msap1-fpga-acquisition[410]: meter record sequence gap: expected 64584, got 64585 (no kernel transport overrun)
Aug 14 17:28:50.121052 msap1 msap1-fpga-acquisition[410]: meter record sequence gap: expected 64599, got 64600 (no kernel transport overrun)
Aug 14 17:28:53.122453 msap1 msap1-fpga-acquisition[410]: meter record sequence gap: expected 64614, got 64615 (no kernel transport overrun)
Aug 14 17:28:53.122478 msap1 systemd-journald[128]: Forwarding to syslog missed 10 messages.
Aug 14 17:28:56.124055 msap1 msap1-fpga-acquisition[410]: meter record sequence gap: expected 64629, got 64630 (no kernel transport overrun)
Aug 14 17:28:59.125499 msap1 msap1-fpga-acquisition[410]: meter record sequence gap: expected 64644, got 64645 (no kernel transport overrun)
Aug 14 17:29:02.126797 msap1 msap1-fpga-acquisition[410]: meter record sequence gap: expected 64659, got 64660 (no kernel transport overrun)
Aug 14 17:29:05.128233 msap1 msap1-fpga-acquisition[410]: meter record sequence gap: expected 64674, got 64675 (no kernel transport overrun)
Aug 14 17:29:08.129303 msap1 msap1-fpga-acquisition[410]: meter record sequence gap: expected 64689, got 64690 (no kernel transport overrun)
Aug 14 17:29:11.130313 msap1 msap1-fpga-acquisition[410]: meter record sequence gap: expected 64704, got 64705 (no kernel transport overrun)
Aug 14 17:29:14.131331 msap1 msap1-fpga-acquisition[410]: meter record sequence gap: expected 64719, got 64720 (no kernel transport overrun)
Aug 14 17:29:17.132430 msap1 msap1-fpga-acquisition[410]: meter record sequence gap: expected 64734, got 64735 (no kernel transport overrun)
Aug 14 17:29:20.133465 msap1 msap1-fpga-acquisition[410]: meter record sequence gap: expected 64749, got 64750 (no kernel transport overrun)
Aug 14 17:29:23.134443 msap1 systemd-journald[128]: Forwarding to syslog missed 9 messages.
Aug 14 17:29:23.134416 msap1 msap1-fpga-acquisition[410]: meter record sequence gap: expected 64764, got 64765 (no kernel transport overrun)
Aug 14 17:29:26.135313 msap1 msap1-fpga-acquisition[410]: meter record sequence gap: expected 64779, got 64780 (no kernel transport overrun)
Aug 14 17:29:29.135792 msap1 msap1-fpga-acquisition[410]: meter record sequence gap: expected 64794, got 64795 (no kernel transport overrun)
Aug 14 17:29:32.136322 msap1 msap1-fpga-acquisition[410]: meter record sequence gap: expected 64809, got 64810 (no kernel transport overrun)
Aug 14 17:29:35.136748 msap1 msap1-fpga-acquisition[410]: meter record sequence gap: expected 64824, got 64825 (no kernel transport overrun)
Aug 14 17:29:38.137172 msap1 msap1-fpga-acquisition[410]: meter record sequence gap: expected 64839, got 64840 (no kernel transport overrun)
Aug 14 17:29:41.137666 msap1 msap1-fpga-acquisition[410]: meter record sequence gap: expected 64854, got 64855 (no kernel transport overrun)
Aug 14 17:29:44.138097 msap1 msap1-fpga-acquisition[410]: meter record sequence gap: expected 64869, got 64870 (no kernel transport overrun)
Aug 14 17:29:47.138494 msap1 msap1-fpga-acquisition[410]: meter record sequence gap: expected 64884, got 64885 (no kernel transport overrun)
Aug 14 17:29:50.138786 msap1 msap1-fpga-acquisition[410]: meter record sequence gap: expected 64899, got 64900 (no kernel transport overrun)
Aug 14 17:29:53.138935 msap1 msap1-fpga-acquisition[410]: meter record sequence gap: expected 64914, got 64915 (no kernel transport overrun)
Aug 14 17:29:53.138963 msap1 systemd-journald[128]: Forwarding to syslog missed 11 messages.
Aug 14 17:29:56.139002 msap1 msap1-fpga-acquisition[410]: meter record sequence gap: expected 64929, got 64930 (no kernel transport overrun)
Aug 14 17:29:59.139005 msap1 msap1-fpga-acquisition[410]: meter record sequence gap: expected 64944, got 64945 (no kernel transport overrun)
Aug 14 17:30:02.139121 msap1 msap1-fpga-acquisition[410]: meter record sequence gap: expected 64959, got 64960 (no kernel transport overrun)
Aug 14 17:30:05.139470 msap1 msap1-fpga-acquisition[410]: meter record sequence gap: expected 64974, got 64975 (no kernel transport overrun)
Aug 14 17:30:08.139917 msap1 msap1-fpga-acquisition[410]: meter record sequence gap: expected 64989, got 64990 (no kernel transport overrun)
Aug 14 17:30:11.140321 msap1 msap1-fpga-acquisition[410]: meter record sequence gap: expected 65004, got 65005 (no kernel transport overrun)
Aug 14 17:30:14.140854 msap1 msap1-fpga-acquisition[410]: meter record sequence gap: expected 65019, got 65020 (no kernel transport overrun)
Aug 14 17:30:17.141434 msap1 msap1-fpga-acquisition[410]: meter record sequence gap: expected 65034, got 65035 (no kernel transport overrun)
Aug 14 17:30:20.142073 msap1 msap1-fpga-acquisition[410]: meter record sequence gap: expected 65049, got 65050 (no kernel transport overrun)
Aug 14 17:30:23.142729 msap1 msap1-fpga-acquisition[410]: meter record sequence gap: expected 65064, got 65065 (no kernel transport overrun)
Aug 14 17:30:23.142755 msap1 systemd-journald[128]: Forwarding to syslog missed 10 messages.
Aug 14 17:30:26.143410 msap1 msap1-fpga-acquisition[410]: meter record sequence gap: expected 65079, got 65080 (no kernel transport overrun)
Aug 14 17:30:29.144121 msap1 msap1-fpga-acquisition[410]: meter record sequence gap: expected 65094, got 65095 (no kernel transport overrun)
Aug 14 17:30:32.144765 msap1 msap1-fpga-acquisition[410]: meter record sequence gap: expected 65109, got 65110 (no kernel transport overrun)
Aug 14 17:30:35.145247 msap1 msap1-fpga-acquisition[410]: meter record sequence gap: expected 65124, got 65125 (no kernel transport overrun)
Aug 14 17:30:35.786230 msap1 systemd[1]: Started OpenSSH Per-Connection Daemon (172.30.19.19:54142).
Aug 14 17:30:36.210499 msap1 systemd[1]: sshd@22-172.30.19.99:22-172.30.19.19:54142.service: Deactivated successfully.
Aug 14 17:30:38.145809 msap1 msap1-fpga-acquisition[410]: meter record sequence gap: expected 65139, got 65140 (no kernel transport overrun)
Aug 14 17:30:40.675999 msap1 msap1-fpga-acquisition[410]: ADC SPI register read recovered after retry
Aug 14 17:30:41.146204 msap1 msap1-fpga-acquisition[410]: meter record sequence gap: expected 65154, got 65155 (no kernel transport overrun)
Aug 14 17:30:44.146602 msap1 msap1-fpga-acquisition[410]: meter record sequence gap: expected 65169, got 65170 (no kernel transport overrun)
Aug 14 17:30:47.146988 msap1 msap1-fpga-acquisition[410]: meter record sequence gap: expected 65184, got 65185 (no kernel transport overrun)
Aug 14 17:30:50.147428 msap1 msap1-fpga-acquisition[410]: meter record sequence gap: expected 65199, got 65200 (no kernel transport overrun)
Aug 14 17:30:53.147821 msap1 systemd-journald[128]: Forwarding to syslog missed 12 messages.
Aug 14 17:30:53.147791 msap1 msap1-fpga-acquisition[410]: meter record sequence gap: expected 65214, got 65215 (no kernel transport overrun)
Aug 14 17:30:56.148122 msap1 msap1-fpga-acquisition[410]: meter record sequence gap: expected 65229, got 65230 (no kernel transport overrun)
Aug 14 17:30:59.148306 msap1 msap1-fpga-acquisition[410]: meter record sequence gap: expected 65244, got 65245 (no kernel transport overrun)
Aug 14 17:31:02.148500 msap1 msap1-fpga-acquisition[410]: meter record sequence gap: expected 65259, got 65260 (no kernel transport overrun)
Aug 14 17:31:04.982183 msap1 systemd[1]: Started OpenSSH Per-Connection Daemon (172.30.19.19:60848).
Aug 14 17:31:05.148880 msap1 msap1-fpga-acquisition[410]: meter record sequence gap: expected 65274, got 65275 (no kernel transport overrun)
Aug 14 17:31:08.148860 msap1 msap1-fpga-acquisition[410]: meter record sequence gap: expected 65289, got 65290 (no kernel transport overrun)
Aug 14 17:31:11.149038 msap1 msap1-fpga-acquisition[410]: meter record sequence gap: expected 65304, got 65305 (no kernel transport overrun)
Aug 14 17:31:14.149181 msap1 msap1-fpga-acquisition[410]: meter record sequence gap: expected 65319, got 65320 (no kernel transport overrun)
Aug 14 17:31:17.149402 msap1 msap1-fpga-acquisition[410]: meter record sequence gap: expected 65334, got 65335 (no kernel transport overrun)
Aug 14 17:31:20.149646 msap1 msap1-fpga-acquisition[410]: meter record sequence gap: expected 65349, got 65350 (no kernel transport overrun)
Aug 14 17:31:23.149931 msap1 msap1-fpga-acquisition[410]: meter record sequence gap: expected 65364, got 65365 (no kernel transport overrun)
Aug 14 17:31:23.149961 msap1 systemd-journald[128]: Forwarding to syslog missed 12 messages.
Aug 14 17:31:26.150341 msap1 msap1-fpga-acquisition[410]: meter record sequence gap: expected 65379, got 65380 (no kernel transport overrun)
Aug 14 17:31:29.150918 msap1 msap1-fpga-acquisition[410]: meter record sequence gap: expected 65394, got 65395 (no kernel transport overrun)
Aug 14 17:31:32.151569 msap1 msap1-fpga-acquisition[410]: meter record sequence gap: expected 65409, got 65410 (no kernel transport overrun)
Aug 14 17:31:35.152318 msap1 msap1-fpga-acquisition[410]: meter record sequence gap: expected 65424, got 65425 (no kernel transport overrun)
Aug 14 17:31:35.256254 msap1 systemd[1]: sshd@23-172.30.19.99:22-172.30.19.19:60848.service: Deactivated successfully.
Aug 14 17:31:38.153068 msap1 msap1-fpga-acquisition[410]: meter record sequence gap: expected 65439, got 65440 (no kernel transport overrun)
Aug 14 17:31:41.153904 msap1 msap1-fpga-acquisition[410]: meter record sequence gap: expected 65454, got 65455 (no kernel transport overrun)
Aug 14 17:31:44.155096 msap1 msap1-fpga-acquisition[410]: meter record sequence gap: expected 65469, got 65470 (no kernel transport overrun)
Aug 14 17:31:47.155730 msap1 msap1-fpga-acquisition[410]: meter record sequence gap: expected 65484, got 65485 (no kernel transport overrun)
Aug 14 17:31:50.156817 msap1 msap1-fpga-acquisition[410]: meter record sequence gap: expected 65499, got 65500 (no kernel transport overrun)
Aug 14 17:31:53.157949 msap1 msap1-fpga-acquisition[410]: meter record sequence gap: expected 65514, got 65515 (no kernel transport overrun)
Aug 14 17:31:53.157974 msap1 systemd-journald[128]: Forwarding to syslog missed 11 messages.
Aug 14 17:31:56.159015 msap1 msap1-fpga-acquisition[410]: meter record sequence gap: expected 65529, got 65530 (no kernel transport overrun)
Aug 14 17:31:59.159940 msap1 msap1-fpga-acquisition[410]: meter record sequence gap: expected 65544, got 65545 (no kernel transport overrun)
Aug 14 17:32:02.160884 msap1 msap1-fpga-acquisition[410]: meter record sequence gap: expected 65559, got 65560 (no kernel transport overrun)
Aug 14 17:32:05.161844 msap1 msap1-fpga-acquisition[410]: meter record sequence gap: expected 65574, got 65575 (no kernel transport overrun)
Aug 14 17:32:08.162876 msap1 msap1-fpga-acquisition[410]: meter record sequence gap: expected 65589, got 65590 (no kernel transport overrun)
Aug 14 17:32:11.163743 msap1 msap1-fpga-acquisition[410]: meter record sequence gap: expected 65604, got 65605 (no kernel transport overrun)
Aug 14 17:32:14.164641 msap1 msap1-fpga-acquisition[410]: meter record sequence gap: expected 65619, got 65620 (no kernel transport overrun)
Aug 14 17:32:17.165560 msap1 msap1-fpga-acquisition[410]: meter record sequence gap: expected 65634, got 65635 (no kernel transport overrun)
Aug 14 17:32:20.166261 msap1 msap1-fpga-acquisition[410]: meter record sequence gap: expected 65649, got 65650 (no kernel transport overrun)
Aug 14 17:32:23.166945 msap1 systemd-journald[128]: Forwarding to syslog missed 9 messages.
Aug 14 17:32:23.166919 msap1 msap1-fpga-acquisition[410]: meter record sequence gap: expected 65664, got 65665 (no kernel transport overrun)
Aug 14 17:32:24.886270 msap1 systemd[1]: Started OpenSSH Per-Connection Daemon (172.30.19.19:38548).
Aug 14 17:32:25.176538 msap1 systemd[1]: sshd@24-172.30.19.99:22-172.30.19.19:38548.service: Deactivated successfully.
Aug 14 17:32:26.167451 msap1 msap1-fpga-acquisition[410]: meter record sequence gap: expected 65679, got 65680 (no kernel transport overrun)
Aug 14 17:32:29.167985 msap1 msap1-fpga-acquisition[410]: meter record sequence gap: expected 65694, got 65695 (no kernel transport overrun)
Aug 14 17:32:32.168762 msap1 msap1-fpga-acquisition[410]: meter record sequence gap: expected 65709, got 65710 (no kernel transport overrun)
Aug 14 17:32:35.169222 msap1 msap1-fpga-acquisition[410]: meter record sequence gap: expected 65724, got 65725 (no kernel transport overrun)
Aug 14 17:32:37.950184 msap1 systemd[1]: Started OpenSSH Per-Connection Daemon (172.30.19.19:45382).
Aug 14 17:32:38.170370 msap1 msap1-fpga-acquisition[410]: meter record sequence gap: expected 65739, got 65740 (no kernel transport overrun)
Aug 14 17:32:41.170778 msap1 msap1-fpga-acquisition[410]: meter record sequence gap: expected 65754, got 65755 (no kernel transport overrun)
Aug 14 17:32:44.171482 msap1 msap1-fpga-acquisition[410]: meter record sequence gap: expected 65769, got 65770 (no kernel transport overrun)
Aug 14 17:32:47.172556 msap1 msap1-fpga-acquisition[410]: meter record sequence gap: expected 65784, got 65785 (no kernel transport overrun)
Aug 14 17:32:50.173127 msap1 msap1-fpga-acquisition[410]: meter record sequence gap: expected 65799, got 65800 (no kernel transport overrun)
Aug 14 17:32:53.174190 msap1 msap1-fpga-acquisition[410]: meter record sequence gap: expected 65814, got 65815 (no kernel transport overrun)
Aug 14 17:32:53.174215 msap1 systemd-journald[128]: Forwarding to syslog missed 14 messages.
Aug 14 17:32:56.175219 msap1 msap1-fpga-acquisition[410]: meter record sequence gap: expected 65829, got 65830 (no kernel transport overrun)
Aug 14 17:32:59.176346 msap1 msap1-fpga-acquisition[410]: meter record sequence gap: expected 65844, got 65845 (no kernel transport overrun)
Aug 14 17:33:02.178109 msap1 msap1-fpga-acquisition[410]: meter record sequence gap: expected 65859, got 65860 (no kernel transport overrun)
Aug 14 17:33:05.179106 msap1 msap1-fpga-acquisition[410]: meter record sequence gap: expected 65874, got 65875 (no kernel transport overrun)
Aug 14 17:33:08.177555 msap1 systemd[1]: sshd@25-172.30.19.99:22-172.30.19.19:45382.service: Deactivated successfully.
Aug 14 17:33:08.181010 msap1 msap1-fpga-acquisition[410]: meter record sequence gap: expected 65889, got 65890 (no kernel transport overrun)
Aug 14 17:33:11.182180 msap1 msap1-fpga-acquisition[410]: meter record sequence gap: expected 65904, got 65905 (no kernel transport overrun)
Aug 14 17:33:14.183682 msap1 msap1-fpga-acquisition[410]: meter record sequence gap: expected 65919, got 65920 (no kernel transport overrun)
Aug 14 17:33:17.185031 msap1 msap1-fpga-acquisition[410]: meter record sequence gap: expected 65934, got 65935 (no kernel transport overrun)
Aug 14 17:33:17.722335 msap1 systemd[1]: Started OpenSSH Per-Connection Daemon (172.30.19.19:49892).
Aug 14 17:33:17.968659 msap1 systemd[1]: sshd@26-172.30.19.99:22-172.30.19.19:49892.service: Deactivated successfully.
Aug 14 17:33:20.186461 msap1 msap1-fpga-acquisition[410]: meter record sequence gap: expected 65949, got 65950 (no kernel transport overrun)
Aug 14 17:33:23.187744 msap1 msap1-fpga-acquisition[410]: meter record sequence gap: expected 65964, got 65965 (no kernel transport overrun)
Aug 14 17:33:23.187771 msap1 systemd-journald[128]: Forwarding to syslog missed 13 messages.
Aug 14 17:33:26.189122 msap1 msap1-fpga-acquisition[410]: meter record sequence gap: expected 65979, got 65980 (no kernel transport overrun)
Aug 14 17:33:29.190401 msap1 msap1-fpga-acquisition[410]: meter record sequence gap: expected 65994, got 65995 (no kernel transport overrun)
Aug 14 17:33:30.654180 msap1 systemd[1]: Started OpenSSH Per-Connection Daemon (172.30.19.19:36558).
Aug 14 17:33:32.191771 msap1 msap1-fpga-acquisition[410]: meter record sequence gap: expected 66009, got 66010 (no kernel transport overrun)
Aug 14 17:33:35.192975 msap1 msap1-fpga-acquisition[410]: meter record sequence gap: expected 66024, got 66025 (no kernel transport overrun)
Aug 14 17:33:38.194306 msap1 msap1-fpga-acquisition[410]: meter record sequence gap: expected 66039, got 66040 (no kernel transport overrun)
Aug 14 17:33:41.195740 msap1 msap1-fpga-acquisition[410]: meter record sequence gap: expected 66054, got 66055 (no kernel transport overrun)
Aug 14 17:33:44.197159 msap1 msap1-fpga-acquisition[410]: meter record sequence gap: expected 66069, got 66070 (no kernel transport overrun)
Aug 14 17:33:47.198682 msap1 msap1-fpga-acquisition[410]: meter record sequence gap: expected 66084, got 66085 (no kernel transport overrun)
Aug 14 17:33:50.200227 msap1 msap1-fpga-acquisition[410]: meter record sequence gap: expected 66099, got 66100 (no kernel transport overrun)
Aug 14 17:33:53.201704 msap1 systemd-journald[128]: Forwarding to syslog missed 10 messages.
Aug 14 17:33:53.201677 msap1 msap1-fpga-acquisition[410]: meter record sequence gap: expected 66114, got 66115 (no kernel transport overrun)
Aug 14 17:33:56.203056 msap1 msap1-fpga-acquisition[410]: meter record sequence gap: expected 66129, got 66130 (no kernel transport overrun)
Aug 14 17:33:59.204377 msap1 msap1-fpga-acquisition[410]: meter record sequence gap: expected 66144, got 66145 (no kernel transport overrun)
Aug 14 17:34:00.892293 msap1 systemd[1]: sshd@27-172.30.19.99:22-172.30.19.19:36558.service: Deactivated successfully.
Aug 14 17:34:02.205672 msap1 msap1-fpga-acquisition[410]: meter record sequence gap: expected 66159, got 66160 (no kernel transport overrun)
Aug 14 17:34:05.206695 msap1 msap1-fpga-acquisition[410]: meter record sequence gap: expected 66174, got 66175 (no kernel transport overrun)
Aug 14 17:34:08.207830 msap1 msap1-fpga-acquisition[410]: meter record sequence gap: expected 66189, got 66190 (no kernel transport overrun)
Aug 14 17:34:09.694173 msap1 systemd[1]: Started OpenSSH Per-Connection Daemon (172.30.19.19:49228).
Aug 14 17:34:09.924569 msap1 systemd[1]: sshd@28-172.30.19.99:22-172.30.19.19:49228.service: Deactivated successfully.
Aug 14 17:34:11.209123 msap1 msap1-fpga-acquisition[410]: meter record sequence gap: expected 66204, got 66205 (no kernel transport overrun)
Aug 14 17:34:14.210378 msap1 msap1-fpga-acquisition[410]: meter record sequence gap: expected 66219, got 66220 (no kernel transport overrun)
Aug 14 17:34:17.212227 msap1 msap1-fpga-acquisition[410]: meter record sequence gap: expected 66234, got 66235 (no kernel transport overrun)
Aug 14 17:34:19.994178 msap1 systemd[1]: Started OpenSSH Per-Connection Daemon (172.30.19.19:58286).
Aug 14 17:34:20.213398 msap1 msap1-fpga-acquisition[410]: meter record sequence gap: expected 66249, got 66250 (no kernel transport overrun)
Aug 14 17:34:23.214105 msap1 msap1-fpga-acquisition[410]: meter record sequence gap: expected 66264, got 66265 (no kernel transport overrun)
Aug 14 17:34:23.214131 msap1 systemd-journald[128]: Forwarding to syslog missed 15 messages.
Aug 14 17:34:26.215242 msap1 msap1-fpga-acquisition[410]: meter record sequence gap: expected 66279, got 66280 (no kernel transport overrun)
Aug 14 17:34:29.216304 msap1 msap1-fpga-acquisition[410]: meter record sequence gap: expected 66294, got 66295 (no kernel transport overrun)
Aug 14 17:34:32.217305 msap1 msap1-fpga-acquisition[410]: meter record sequence gap: expected 66309, got 66310 (no kernel transport overrun)
Aug 14 17:34:35.218277 msap1 msap1-fpga-acquisition[410]: meter record sequence gap: expected 66324, got 66325 (no kernel transport overrun)
Aug 14 17:34:38.219122 msap1 msap1-fpga-acquisition[410]: meter record sequence gap: expected 66339, got 66340 (no kernel transport overrun)
Aug 14 17:34:41.219949 msap1 msap1-fpga-acquisition[410]: meter record sequence gap: expected 66354, got 66355 (no kernel transport overrun)
Aug 14 17:34:44.220797 msap1 msap1-fpga-acquisition[410]: meter record sequence gap: expected 66369, got 66370 (no kernel transport overrun)
Aug 14 17:34:47.221555 msap1 msap1-fpga-acquisition[410]: meter record sequence gap: expected 66384, got 66385 (no kernel transport overrun)
Aug 14 17:34:50.222284 msap1 msap1-fpga-acquisition[410]: meter record sequence gap: expected 66399, got 66400 (no kernel transport overrun)
Aug 14 17:34:50.246602 msap1 systemd[1]: sshd@29-172.30.19.99:22-172.30.19.19:58286.service: Deactivated successfully.
Aug 14 17:34:53.222995 msap1 msap1-fpga-acquisition[410]: meter record sequence gap: expected 66414, got 66415 (no kernel transport overrun)
Aug 14 17:34:53.223021 msap1 systemd-journald[128]: Forwarding to syslog missed 11 messages.
Aug 14 17:34:56.223574 msap1 msap1-fpga-acquisition[410]: meter record sequence gap: expected 66429, got 66430 (no kernel transport overrun)
Aug 14 17:34:59.224168 msap1 msap1-fpga-acquisition[410]: meter record sequence gap: expected 66444, got 66445 (no kernel transport overrun)
Aug 14 17:35:02.224625 msap1 msap1-fpga-acquisition[410]: meter record sequence gap: expected 66459, got 66460 (no kernel transport overrun)
Aug 14 17:35:05.225084 msap1 msap1-fpga-acquisition[410]: meter record sequence gap: expected 66474, got 66475 (no kernel transport overrun)
Aug 14 17:35:08.225635 msap1 msap1-fpga-acquisition[410]: meter record sequence gap: expected 66489, got 66490 (no kernel transport overrun)
Aug 14 17:35:11.226058 msap1 msap1-fpga-acquisition[410]: meter record sequence gap: expected 66504, got 66505 (no kernel transport overrun)
Aug 14 17:35:14.226546 msap1 msap1-fpga-acquisition[410]: meter record sequence gap: expected 66519, got 66520 (no kernel transport overrun)
Aug 14 17:35:17.227095 msap1 msap1-fpga-acquisition[410]: meter record sequence gap: expected 66534, got 66535 (no kernel transport overrun)
Aug 14 17:35:20.227569 msap1 msap1-fpga-acquisition[410]: meter record sequence gap: expected 66549, got 66550 (no kernel transport overrun)
Aug 14 17:35:23.228151 msap1 systemd-journald[128]: Forwarding to syslog missed 9 messages.
Aug 14 17:35:23.228122 msap1 msap1-fpga-acquisition[410]: meter record sequence gap: expected 66564, got 66565 (no kernel transport overrun)
Aug 14 17:35:26.228509 msap1 msap1-fpga-acquisition[410]: meter record sequence gap: expected 66579, got 66580 (no kernel transport overrun)
Aug 14 17:35:29.228964 msap1 msap1-fpga-acquisition[410]: meter record sequence gap: expected 66594, got 66595 (no kernel transport overrun)
Aug 14 17:35:32.229309 msap1 msap1-fpga-acquisition[410]: meter record sequence gap: expected 66609, got 66610 (no kernel transport overrun)
Aug 14 17:35:35.229723 msap1 msap1-fpga-acquisition[410]: meter record sequence gap: expected 66624, got 66625 (no kernel transport overrun)
Aug 14 17:35:38.230102 msap1 msap1-fpga-acquisition[410]: meter record sequence gap: expected 66639, got 66640 (no kernel transport overrun)
Aug 14 17:35:41.230466 msap1 msap1-fpga-acquisition[410]: meter record sequence gap: expected 66654, got 66655 (no kernel transport overrun)
Aug 14 17:35:44.230967 msap1 msap1-fpga-acquisition[410]: meter record sequence gap: expected 66669, got 66670 (no kernel transport overrun)
Aug 14 17:35:47.231269 msap1 msap1-fpga-acquisition[410]: meter record sequence gap: expected 66684, got 66685 (no kernel transport overrun)
Aug 14 17:35:50.231658 msap1 msap1-fpga-acquisition[410]: meter record sequence gap: expected 66699, got 66700 (no kernel transport overrun)
Aug 14 17:35:53.232092 msap1 msap1-fpga-acquisition[410]: meter record sequence gap: expected 66714, got 66715 (no kernel transport overrun)
Aug 14 17:35:53.232123 msap1 systemd-journald[128]: Forwarding to syslog missed 11 messages.
Aug 14 17:35:56.232577 msap1 msap1-fpga-acquisition[410]: meter record sequence gap: expected 66729, got 66730 (no kernel transport overrun)
Aug 14 17:35:59.233157 msap1 msap1-fpga-acquisition[410]: meter record sequence gap: expected 66744, got 66745 (no kernel transport overrun)
Aug 14 17:36:02.233492 msap1 msap1-fpga-acquisition[410]: meter record sequence gap: expected 66759, got 66760 (no kernel transport overrun)
Aug 14 17:36:05.234126 msap1 msap1-fpga-acquisition[410]: meter record sequence gap: expected 66774, got 66775 (no kernel transport overrun)
Aug 14 17:36:08.234830 msap1 msap1-fpga-acquisition[410]: meter record sequence gap: expected 66789, got 66790 (no kernel transport overrun)
Aug 14 17:36:11.235537 msap1 msap1-fpga-acquisition[410]: meter record sequence gap: expected 66804, got 66805 (no kernel transport overrun)
Aug 14 17:36:14.236133 msap1 msap1-fpga-acquisition[410]: meter record sequence gap: expected 66819, got 66820 (no kernel transport overrun)
Aug 14 17:36:17.236608 msap1 msap1-fpga-acquisition[410]: meter record sequence gap: expected 66834, got 66835 (no kernel transport overrun)
Aug 14 17:36:20.237068 msap1 msap1-fpga-acquisition[410]: meter record sequence gap: expected 66849, got 66850 (no kernel transport overrun)
Aug 14 17:36:23.237544 msap1 msap1-fpga-acquisition[410]: meter record sequence gap: expected 66864, got 66865 (no kernel transport overrun)
Aug 14 17:36:23.237570 msap1 systemd-journald[128]: Forwarding to syslog missed 10 messages.
Aug 14 17:36:26.238011 msap1 msap1-fpga-acquisition[410]: meter record sequence gap: expected 66879, got 66880 (no kernel transport overrun)
Aug 14 17:36:29.238544 msap1 msap1-fpga-acquisition[410]: meter record sequence gap: expected 66894, got 66895 (no kernel transport overrun)
Aug 14 17:36:32.239262 msap1 msap1-fpga-acquisition[410]: meter record sequence gap: expected 66909, got 66910 (no kernel transport overrun)
Aug 14 17:36:35.240094 msap1 msap1-fpga-acquisition[410]: meter record sequence gap: expected 66924, got 66925 (no kernel transport overrun)
Aug 14 17:36:38.240922 msap1 msap1-fpga-acquisition[410]: meter record sequence gap: expected 66939, got 66940 (no kernel transport overrun)
Aug 14 17:36:41.241871 msap1 msap1-fpga-acquisition[410]: meter record sequence gap: expected 66954, got 66955 (no kernel transport overrun)
Aug 14 17:36:44.242740 msap1 msap1-fpga-acquisition[410]: meter record sequence gap: expected 66969, got 66970 (no kernel transport overrun)
Aug 14 17:36:47.243731 msap1 msap1-fpga-acquisition[410]: meter record sequence gap: expected 66984, got 66985 (no kernel transport overrun)
Aug 14 17:36:50.244545 msap1 msap1-fpga-acquisition[410]: meter record sequence gap: expected 66999, got 67000 (no kernel transport overrun)
Aug 14 17:36:53.245321 msap1 systemd-journald[128]: Forwarding to syslog missed 9 messages.
Aug 14 17:36:53.245295 msap1 msap1-fpga-acquisition[410]: meter record sequence gap: expected 67014, got 67015 (no kernel transport overrun)
Aug 14 17:36:56.245911 msap1 msap1-fpga-acquisition[410]: meter record sequence gap: expected 67029, got 67030 (no kernel transport overrun)
Aug 14 17:36:59.246485 msap1 msap1-fpga-acquisition[410]: meter record sequence gap: expected 67044, got 67045 (no kernel transport overrun)
Aug 14 17:37:02.247074 msap1 msap1-fpga-acquisition[410]: meter record sequence gap: expected 67059, got 67060 (no kernel transport overrun)
Aug 14 17:37:04.794183 msap1 systemd[1]: Started OpenSSH Per-Connection Daemon (172.30.19.19:59188).
Aug 14 17:37:04.810873 msap1 systemd[1]: Started OpenSSH Per-Connection Daemon (172.30.19.19:59190).
Aug 14 17:37:05.017040 msap1 systemd[1]: sshd@30-172.30.19.99:22-172.30.19.19:59188.service: Deactivated successfully.
Aug 14 17:37:05.063644 msap1 systemd[1]: sshd@31-172.30.19.99:22-172.30.19.19:59190.service: Deactivated successfully.
Aug 14 17:37:05.247801 msap1 msap1-fpga-acquisition[410]: meter record sequence gap: expected 67074, got 67075 (no kernel transport overrun)
Aug 14 17:37:07.226186 msap1 systemd[1]: Started OpenSSH Per-Connection Daemon (172.30.19.19:59200).
Aug 14 17:37:07.446623 msap1 systemd[1]: sshd@32-172.30.19.99:22-172.30.19.19:59200.service: Deactivated successfully.
Aug 14 17:37:08.248582 msap1 msap1-fpga-acquisition[410]: meter record sequence gap: expected 67089, got 67090 (no kernel transport overrun)
Aug 14 17:37:11.249396 msap1 msap1-fpga-acquisition[410]: meter record sequence gap: expected 67104, got 67105 (no kernel transport overrun)
Aug 14 17:37:14.250276 msap1 msap1-fpga-acquisition[410]: meter record sequence gap: expected 67119, got 67120 (no kernel transport overrun)
Aug 14 17:37:17.251181 msap1 msap1-fpga-acquisition[410]: meter record sequence gap: expected 67134, got 67135 (no kernel transport overrun)
Aug 14 17:37:20.251961 msap1 msap1-fpga-acquisition[410]: meter record sequence gap: expected 67149, got 67150 (no kernel transport overrun)
Aug 14 17:37:23.252769 msap1 msap1-fpga-acquisition[410]: meter record sequence gap: expected 67164, got 67165 (no kernel transport overrun)
Aug 14 17:37:23.252796 msap1 systemd-journald[128]: Forwarding to syslog missed 17 messages.
Aug 14 17:37:23.758194 msap1 systemd[1]: Started OpenSSH Per-Connection Daemon (172.30.19.19:51616).
Aug 14 17:37:23.987949 msap1 systemd[1]: sshd@33-172.30.19.99:22-172.30.19.19:51616.service: Deactivated successfully.
Aug 14 17:37:26.253581 msap1 msap1-fpga-acquisition[410]: meter record sequence gap: expected 67179, got 67180 (no kernel transport overrun)
Aug 14 17:37:29.254282 msap1 msap1-fpga-acquisition[410]: meter record sequence gap: expected 67194, got 67195 (no kernel transport overrun)
Aug 14 17:37:32.254894 msap1 msap1-fpga-acquisition[410]: meter record sequence gap: expected 67209, got 67210 (no kernel transport overrun)
Aug 14 17:37:35.255473 msap1 msap1-fpga-acquisition[410]: meter record sequence gap: expected 67224, got 67225 (no kernel transport overrun)
Aug 14 17:37:36.822187 msap1 systemd[1]: Started OpenSSH Per-Connection Daemon (172.30.19.19:40360).
Aug 14 17:37:37.087285 msap1 systemd[1]: sshd@34-172.30.19.99:22-172.30.19.19:40360.service: Deactivated successfully.
Aug 14 17:37:38.255950 msap1 msap1-fpga-acquisition[410]: meter record sequence gap: expected 67239, got 67240 (no kernel transport overrun)
Aug 14 17:37:41.256441 msap1 msap1-fpga-acquisition[410]: meter record sequence gap: expected 67254, got 67255 (no kernel transport overrun)
Aug 14 17:37:44.256959 msap1 msap1-fpga-acquisition[410]: meter record sequence gap: expected 67269, got 67270 (no kernel transport overrun)
Aug 14 17:37:47.257304 msap1 msap1-fpga-acquisition[410]: meter record sequence gap: expected 67284, got 67285 (no kernel transport overrun)
Aug 14 17:37:50.257749 msap1 msap1-fpga-acquisition[410]: meter record sequence gap: expected 67299, got 67300 (no kernel transport overrun)
Aug 14 17:37:53.258313 msap1 msap1-fpga-acquisition[410]: meter record sequence gap: expected 67314, got 67315 (no kernel transport overrun)
Aug 14 17:37:53.258339 msap1 systemd-journald[128]: Forwarding to syslog missed 14 messages.
Aug 14 17:37:56.259009 msap1 msap1-fpga-acquisition[410]: meter record sequence gap: expected 67329, got 67330 (no kernel transport overrun)
Aug 14 17:37:59.259909 msap1 msap1-fpga-acquisition[410]: meter record sequence gap: expected 67344, got 67345 (no kernel transport overrun)
Aug 14 17:38:02.260900 msap1 msap1-fpga-acquisition[410]: meter record sequence gap: expected 67359, got 67360 (no kernel transport overrun)
Aug 14 17:38:05.262111 msap1 msap1-fpga-acquisition[410]: meter record sequence gap: expected 67374, got 67375 (no kernel transport overrun)
Aug 14 17:38:05.442195 msap1 systemd[1]: Started OpenSSH Per-Connection Daemon (172.30.19.19:35608).
Aug 14 17:38:05.717298 msap1 systemd[1]: sshd@35-172.30.19.99:22-172.30.19.19:35608.service: Deactivated successfully.
Aug 14 17:38:08.263542 msap1 msap1-fpga-acquisition[410]: meter record sequence gap: expected 67389, got 67390 (no kernel transport overrun)
Aug 14 17:38:11.264897 msap1 msap1-fpga-acquisition[410]: meter record sequence gap: expected 67404, got 67405 (no kernel transport overrun)
Aug 14 17:38:14.266377 msap1 msap1-fpga-acquisition[410]: meter record sequence gap: expected 67419, got 67420 (no kernel transport overrun)
Aug 14 17:38:14.634171 msap1 systemd[1]: Started OpenSSH Per-Connection Daemon (172.30.19.19:41354).
Aug 14 17:38:14.855148 msap1 systemd[1]: sshd@36-172.30.19.99:22-172.30.19.19:41354.service: Deactivated successfully.
Aug 14 17:38:17.267917 msap1 msap1-fpga-acquisition[410]: meter record sequence gap: expected 67434, got 67435 (no kernel transport overrun)
Aug 14 17:38:20.269557 msap1 msap1-fpga-acquisition[410]: meter record sequence gap: expected 67449, got 67450 (no kernel transport overrun)
Aug 14 17:38:23.271240 msap1 systemd-journald[128]: Forwarding to syslog missed 13 messages.
Aug 14 17:38:23.271214 msap1 msap1-fpga-acquisition[410]: meter record sequence gap: expected 67464, got 67465 (no kernel transport overrun)
Aug 14 17:38:26.272904 msap1 msap1-fpga-acquisition[410]: meter record sequence gap: expected 67479, got 67480 (no kernel transport overrun)
Aug 14 17:38:29.274661 msap1 msap1-fpga-acquisition[410]: meter record sequence gap: expected 67494, got 67495 (no kernel transport overrun)
Aug 14 17:38:31.930190 msap1 systemd[1]: Started OpenSSH Per-Connection Daemon (172.30.19.19:45388).
Aug 14 17:38:32.222506 msap1 systemd[1]: sshd@37-172.30.19.99:22-172.30.19.19:45388.service: Deactivated successfully.
Aug 14 17:38:32.276545 msap1 msap1-fpga-acquisition[410]: meter record sequence gap: expected 67509, got 67510 (no kernel transport overrun)
Aug 14 17:38:34.458200 msap1 systemd[1]: Started OpenSSH Per-Connection Daemon (172.30.19.19:45398).
Aug 14 17:38:34.678309 msap1 systemd[1]: sshd@38-172.30.19.99:22-172.30.19.19:45398.service: Deactivated successfully.
Aug 14 17:38:35.278018 msap1 msap1-fpga-acquisition[410]: meter record sequence gap: expected 67524, got 67525 (no kernel transport overrun)
Aug 14 17:38:38.279839 msap1 msap1-fpga-acquisition[410]: meter record sequence gap: expected 67539, got 67540 (no kernel transport overrun)
Aug 14 17:38:41.281341 msap1 msap1-fpga-acquisition[410]: meter record sequence gap: expected 67554, got 67555 (no kernel transport overrun)
Aug 14 17:38:44.282831 msap1 msap1-fpga-acquisition[410]: meter record sequence gap: expected 67569, got 67570 (no kernel transport overrun)
Aug 14 17:38:47.284248 msap1 msap1-fpga-acquisition[410]: meter record sequence gap: expected 67584, got 67585 (no kernel transport overrun)
Aug 14 17:38:47.342293 msap1 systemd[1]: Started OpenSSH Per-Connection Daemon (172.30.19.19:41598).
Aug 14 17:38:47.681031 msap1 systemd[1]: sshd@39-172.30.19.99:22-172.30.19.19:41598.service: Deactivated successfully.
Aug 14 17:38:50.086236 msap1 systemd[1]: Started OpenSSH Per-Connection Daemon (172.30.19.19:33812).
Aug 14 17:38:50.285612 msap1 msap1-fpga-acquisition[410]: meter record sequence gap: expected 67599, got 67600 (no kernel transport overrun)
Aug 14 17:38:50.336030 msap1 systemd[1]: sshd@40-172.30.19.99:22-172.30.19.19:33812.service: Deactivated successfully.
Aug 14 17:38:53.286925 msap1 msap1-fpga-acquisition[410]: meter record sequence gap: expected 67614, got 67615 (no kernel transport overrun)
Aug 14 17:38:53.286950 msap1 systemd-journald[128]: Forwarding to syslog missed 19 messages.
Aug 14 17:38:56.288260 msap1 msap1-fpga-acquisition[410]: meter record sequence gap: expected 67629, got 67630 (no kernel transport overrun)
Aug 14 17:38:59.289679 msap1 msap1-fpga-acquisition[410]: meter record sequence gap: expected 67644, got 67645 (no kernel transport overrun)
Aug 14 17:39:02.291534 msap1 msap1-fpga-acquisition[410]: meter record sequence gap: expected 67659, got 67660 (no kernel transport overrun)
Aug 14 17:39:02.298197 msap1 systemd[1]: Started OpenSSH Per-Connection Daemon (172.30.19.19:36342).
Aug 14 17:39:02.535414 msap1 systemd[1]: sshd@41-172.30.19.99:22-172.30.19.19:36342.service: Deactivated successfully.
Aug 14 17:39:05.292576 msap1 msap1-fpga-acquisition[410]: meter record sequence gap: expected 67674, got 67675 (no kernel transport overrun)
Aug 14 17:39:08.293988 msap1 msap1-fpga-acquisition[410]: meter record sequence gap: expected 67689, got 67690 (no kernel transport overrun)
Aug 14 17:39:11.295227 msap1 msap1-fpga-acquisition[410]: meter record sequence gap: expected 67704, got 67705 (no kernel transport overrun)
Aug 14 17:39:14.296523 msap1 msap1-fpga-acquisition[410]: meter record sequence gap: expected 67719, got 67720 (no kernel transport overrun)
Aug 14 17:39:17.297817 msap1 msap1-fpga-acquisition[410]: meter record sequence gap: expected 67734, got 67735 (no kernel transport overrun)
Aug 14 17:39:20.299190 msap1 msap1-fpga-acquisition[410]: meter record sequence gap: expected 67749, got 67750 (no kernel transport overrun)
Aug 14 17:39:21.462172 msap1 systemd[1]: Started OpenSSH Per-Connection Daemon (172.30.19.19:58774).
Aug 14 17:39:21.787756 msap1 systemd[1]: sshd@42-172.30.19.99:22-172.30.19.19:58774.service: Deactivated successfully.
Aug 14 17:39:23.300722 msap1 msap1-fpga-acquisition[410]: meter record sequence gap: expected 67764, got 67765 (no kernel transport overrun)
Aug 14 17:39:23.300748 msap1 systemd-journald[128]: Forwarding to syslog missed 14 messages.
Aug 14 17:39:26.302261 msap1 msap1-fpga-acquisition[410]: meter record sequence gap: expected 67779, got 67780 (no kernel transport overrun)
Aug 14 17:39:29.303752 msap1 msap1-fpga-acquisition[410]: meter record sequence gap: expected 67794, got 67795 (no kernel transport overrun)
Aug 14 17:39:32.305141 msap1 msap1-fpga-acquisition[410]: meter record sequence gap: expected 67809, got 67810 (no kernel transport overrun)
Aug 14 17:39:35.306425 msap1 msap1-fpga-acquisition[410]: meter record sequence gap: expected 67824, got 67825 (no kernel transport overrun)
Aug 14 17:39:38.307783 msap1 msap1-fpga-acquisition[410]: meter record sequence gap: expected 67839, got 67840 (no kernel transport overrun)
Aug 14 17:39:41.102014 msap1 msap1-fpga-acquisition[410]: RPU ADC health became degraded: ADC register readback does not match the active configuration
Aug 14 17:39:41.309111 msap1 msap1-fpga-acquisition[410]: meter record sequence gap: expected 67854, got 67855 (no kernel transport overrun)
Aug 14 17:39:44.310376 msap1 msap1-fpga-acquisition[410]: meter record sequence gap: expected 67869, got 67870 (no kernel transport overrun)
Aug 14 17:39:47.311639 msap1 msap1-fpga-acquisition[410]: meter record sequence gap: expected 67884, got 67885 (no kernel transport overrun)
Aug 14 17:39:50.313089 msap1 msap1-fpga-acquisition[410]: meter record sequence gap: expected 67899, got 67900 (no kernel transport overrun)
Aug 14 17:39:51.326201 msap1 systemd[1]: Started OpenSSH Per-Connection Daemon (172.30.19.19:59424).
Aug 14 17:39:51.573179 msap1 systemd[1]: sshd@43-172.30.19.99:22-172.30.19.19:59424.service: Deactivated successfully.
Aug 14 17:39:53.314358 msap1 systemd-journald[128]: Forwarding to syslog missed 12 messages.
Aug 14 17:39:53.314331 msap1 msap1-fpga-acquisition[410]: meter record sequence gap: expected 67914, got 67915 (no kernel transport overrun)
Aug 14 17:39:56.315639 msap1 msap1-fpga-acquisition[410]: meter record sequence gap: expected 67929, got 67930 (no kernel transport overrun)
Aug 14 17:39:59.316974 msap1 msap1-fpga-acquisition[410]: meter record sequence gap: expected 67944, got 67945 (no kernel transport overrun)
Aug 14 17:40:02.318166 msap1 msap1-fpga-acquisition[410]: meter record sequence gap: expected 67959, got 67960 (no kernel transport overrun)
Aug 14 17:40:05.319584 msap1 msap1-fpga-acquisition[410]: meter record sequence gap: expected 67974, got 67975 (no kernel transport overrun)
Aug 14 17:40:08.320928 msap1 msap1-fpga-acquisition[410]: meter record sequence gap: expected 67989, got 67990 (no kernel transport overrun)
Aug 14 17:40:11.122383 msap1 msap1-fpga-acquisition[410]: RPU ADC health became healthy
Aug 14 17:40:11.322242 msap1 msap1-fpga-acquisition[410]: meter record sequence gap: expected 68004, got 68005 (no kernel transport overrun)
Aug 14 17:40:14.323249 msap1 msap1-fpga-acquisition[410]: meter record sequence gap: expected 68019, got 68020 (no kernel transport overrun)
Aug 14 17:40:17.324616 msap1 msap1-fpga-acquisition[410]: meter record sequence gap: expected 68034, got 68035 (no kernel transport overrun)
Aug 14 17:40:20.050181 msap1 systemd[1]: Started OpenSSH Per-Connection Daemon (172.30.19.19:35652).
Aug 14 17:40:20.264670 msap1 systemd[1]: sshd@44-172.30.19.99:22-172.30.19.19:35652.service: Deactivated successfully.
Aug 14 17:40:20.325068 msap1 msap1-fpga-acquisition[410]: meter record sequence gap: expected 68049, got 68050 (no kernel transport overrun)
Aug 14 17:40:22.950190 msap1 systemd[1]: Started OpenSSH Per-Connection Daemon (172.30.19.19:35662).
Aug 14 17:40:23.174172 msap1 systemd[1]: sshd@45-172.30.19.99:22-172.30.19.19:35662.service: Deactivated successfully.
Aug 14 17:40:23.325951 msap1 msap1-fpga-acquisition[410]: meter record sequence gap: expected 68064, got 68065 (no kernel transport overrun)
Aug 14 17:40:23.325980 msap1 systemd-journald[128]: Forwarding to syslog missed 16 messages.
Aug 14 17:40:25.806243 msap1 systemd[1]: Started OpenSSH Per-Connection Daemon (172.30.19.19:35674).
Aug 14 17:40:26.025639 msap1 systemd[1]: sshd@46-172.30.19.99:22-172.30.19.19:35674.service: Deactivated successfully.
Aug 14 17:40:26.326739 msap1 msap1-fpga-acquisition[410]: meter record sequence gap: expected 68079, got 68080 (no kernel transport overrun)
Aug 14 17:40:28.630224 msap1 systemd[1]: Started OpenSSH Per-Connection Daemon (172.30.19.19:37554).
Aug 14 17:40:28.876437 msap1 systemd[1]: sshd@47-172.30.19.99:22-172.30.19.19:37554.service: Deactivated successfully.
Aug 14 17:40:29.327276 msap1 msap1-fpga-acquisition[410]: meter record sequence gap: expected 68094, got 68095 (no kernel transport overrun)
Aug 14 17:40:32.327992 msap1 msap1-fpga-acquisition[410]: meter record sequence gap: expected 68109, got 68110 (no kernel transport overrun)
Aug 14 17:40:35.328791 msap1 msap1-fpga-acquisition[410]: meter record sequence gap: expected 68124, got 68125 (no kernel transport overrun)
Aug 14 17:40:38.329207 msap1 msap1-fpga-acquisition[410]: meter record sequence gap: expected 68139, got 68140 (no kernel transport overrun)
Aug 14 17:40:41.329788 msap1 msap1-fpga-acquisition[410]: meter record sequence gap: expected 68154, got 68155 (no kernel transport overrun)
Aug 14 17:40:44.329937 msap1 msap1-fpga-acquisition[410]: meter record sequence gap: expected 68169, got 68170 (no kernel transport overrun)
Aug 14 17:40:47.330199 msap1 msap1-fpga-acquisition[410]: meter record sequence gap: expected 68184, got 68185 (no kernel transport overrun)
Aug 14 17:40:50.330183 msap1 msap1-fpga-acquisition[410]: meter record sequence gap: expected 68199, got 68200 (no kernel transport overrun)
Aug 14 17:40:53.329949 msap1 msap1-fpga-acquisition[410]: meter record sequence gap: expected 68214, got 68215 (no kernel transport overrun)
Aug 14 17:40:53.329976 msap1 systemd-journald[128]: Forwarding to syslog missed 14 messages.
Aug 14 17:40:56.329860 msap1 msap1-fpga-acquisition[410]: meter record sequence gap: expected 68229, got 68230 (no kernel transport overrun)
Aug 14 17:40:59.329486 msap1 msap1-fpga-acquisition[410]: meter record sequence gap: expected 68244, got 68245 (no kernel transport overrun)
Aug 14 17:41:02.328976 msap1 msap1-fpga-acquisition[410]: meter record sequence gap: expected 68259, got 68260 (no kernel transport overrun)
Aug 14 17:41:05.328579 msap1 msap1-fpga-acquisition[410]: meter record sequence gap: expected 68274, got 68275 (no kernel transport overrun)
Aug 14 17:41:08.328016 msap1 msap1-fpga-acquisition[410]: meter record sequence gap: expected 68289, got 68290 (no kernel transport overrun)
Aug 14 17:41:11.326848 msap1 msap1-fpga-acquisition[410]: meter record sequence gap: expected 68304, got 68305 (no kernel transport overrun)
Aug 14 17:41:14.325948 msap1 msap1-fpga-acquisition[410]: meter record sequence gap: expected 68319, got 68320 (no kernel transport overrun)
Aug 14 17:41:17.325033 msap1 msap1-fpga-acquisition[410]: meter record sequence gap: expected 68334, got 68335 (no kernel transport overrun)
Aug 14 17:41:20.323876 msap1 msap1-fpga-acquisition[410]: meter record sequence gap: expected 68349, got 68350 (no kernel transport overrun)
Aug 14 17:41:23.322932 msap1 msap1-fpga-acquisition[410]: meter record sequence gap: expected 68364, got 68365 (no kernel transport overrun)
Aug 14 17:41:23.701360 msap1 systemd-journald[128]: Forwarding to syslog missed 10 messages.
Aug 14 17:41:26.321918 msap1 msap1-fpga-acquisition[410]: meter record sequence gap: expected 68379, got 68380 (no kernel transport overrun)
Aug 14 17:41:29.320853 msap1 msap1-fpga-acquisition[410]: meter record sequence gap: expected 68394, got 68395 (no kernel transport overrun)
Aug 14 17:41:32.319882 msap1 msap1-fpga-acquisition[410]: meter record sequence gap: expected 68409, got 68410 (no kernel transport overrun)
Aug 14 17:41:35.318559 msap1 msap1-fpga-acquisition[410]: meter record sequence gap: expected 68424, got 68425 (no kernel transport overrun)
Aug 14 17:41:38.317695 msap1 msap1-fpga-acquisition[410]: meter record sequence gap: expected 68439, got 68440 (no kernel transport overrun)
Aug 14 17:41:41.316282 msap1 msap1-fpga-acquisition[410]: meter record sequence gap: expected 68454, got 68455 (no kernel transport overrun)
Aug 14 17:41:44.315202 msap1 msap1-fpga-acquisition[410]: meter record sequence gap: expected 68469, got 68470 (no kernel transport overrun)
Aug 14 17:41:47.314323 msap1 msap1-fpga-acquisition[410]: meter record sequence gap: expected 68484, got 68485 (no kernel transport overrun)
Aug 14 17:41:49.698184 msap1 systemd[1]: Started OpenSSH Per-Connection Daemon (172.30.19.19:52682).
Aug 14 17:41:50.128469 msap1 systemd[1]: sshd@48-172.30.19.99:22-172.30.19.19:52682.service: Deactivated successfully.
Aug 14 17:41:50.313226 msap1 msap1-fpga-acquisition[410]: meter record sequence gap: expected 68499, got 68500 (no kernel transport overrun)
Aug 14 17:41:53.312367 msap1 msap1-fpga-acquisition[410]: meter record sequence gap: expected 68514, got 68515 (no kernel transport overrun)
Aug 14 17:41:53.701361 msap1 systemd-journald[128]: Forwarding to syslog missed 12 messages.
Aug 14 17:41:56.311365 msap1 msap1-fpga-acquisition[410]: meter record sequence gap: expected 68529, got 68530 (no kernel transport overrun)
Aug 14 17:41:59.310026 msap1 msap1-fpga-acquisition[410]: meter record sequence gap: expected 68544, got 68545 (no kernel transport overrun)
Aug 14 17:42:02.309184 msap1 msap1-fpga-acquisition[410]: meter record sequence gap: expected 68559, got 68560 (no kernel transport overrun)
Aug 14 17:42:05.307991 msap1 msap1-fpga-acquisition[410]: meter record sequence gap: expected 68574, got 68575 (no kernel transport overrun)
Aug 14 17:42:06.082189 msap1 systemd[1]: Started OpenSSH Per-Connection Daemon (172.30.19.19:49780).
Aug 14 17:42:06.317491 msap1 systemd[1]: sshd@49-172.30.19.99:22-172.30.19.19:49780.service: Deactivated successfully.
Aug 14 17:42:08.307384 msap1 msap1-fpga-acquisition[410]: meter record sequence gap: expected 68589, got 68590 (no kernel transport overrun)
Aug 14 17:42:08.494225 msap1 systemd[1]: Started OpenSSH Per-Connection Daemon (172.30.19.19:48590).
Aug 14 17:42:08.784134 msap1 systemd[1]: sshd@50-172.30.19.99:22-172.30.19.19:48590.service: Deactivated successfully.
Aug 14 17:42:11.306398 msap1 msap1-fpga-acquisition[410]: meter record sequence gap: expected 68604, got 68605 (no kernel transport overrun)
Aug 14 17:42:14.305828 msap1 msap1-fpga-acquisition[410]: meter record sequence gap: expected 68619, got 68620 (no kernel transport overrun)
Aug 14 17:42:17.304897 msap1 msap1-fpga-acquisition[410]: meter record sequence gap: expected 68634, got 68635 (no kernel transport overrun)
Aug 14 17:42:20.304168 msap1 msap1-fpga-acquisition[410]: meter record sequence gap: expected 68649, got 68650 (no kernel transport overrun)
Aug 14 17:42:23.303429 msap1 msap1-fpga-acquisition[410]: meter record sequence gap: expected 68664, got 68665 (no kernel transport overrun)
Aug 14 17:42:26.302883 msap1 msap1-fpga-acquisition[410]: meter record sequence gap: expected 68679, got 68680 (no kernel transport overrun)
Aug 14 17:42:26.302906 msap1 systemd-journald[128]: Forwarding to syslog missed 15 messages.
Aug 14 17:42:29.302129 msap1 msap1-fpga-acquisition[410]: meter record sequence gap: expected 68694, got 68695 (no kernel transport overrun)
Aug 14 17:42:32.301601 msap1 msap1-fpga-acquisition[410]: meter record sequence gap: expected 68709, got 68710 (no kernel transport overrun)
Aug 14 17:42:35.300740 msap1 msap1-fpga-acquisition[410]: meter record sequence gap: expected 68724, got 68725 (no kernel transport overrun)
Aug 14 17:42:36.594212 msap1 systemd[1]: Started OpenSSH Per-Connection Daemon (172.30.19.19:59768).
Aug 14 17:42:36.827334 msap1 systemd[1]: sshd@51-172.30.19.99:22-172.30.19.19:59768.service: Deactivated successfully.
Aug 14 17:42:37.462235 msap1 systemd[1]: Started OpenSSH Per-Connection Daemon (172.30.19.19:59770).
Aug 14 17:42:37.935665 msap1 systemd[1]: sshd@52-172.30.19.99:22-172.30.19.19:59770.service: Deactivated successfully.
Aug 14 17:42:38.300120 msap1 msap1-fpga-acquisition[410]: meter record sequence gap: expected 68739, got 68740 (no kernel transport overrun)
Aug 14 17:42:41.299602 msap1 msap1-fpga-acquisition[410]: meter record sequence gap: expected 68754, got 68755 (no kernel transport overrun)
Aug 14 17:42:44.299091 msap1 msap1-fpga-acquisition[410]: meter record sequence gap: expected 68769, got 68770 (no kernel transport overrun)
Aug 14 17:42:47.298733 msap1 msap1-fpga-acquisition[410]: meter record sequence gap: expected 68784, got 68785 (no kernel transport overrun)
Aug 14 17:42:50.298428 msap1 msap1-fpga-acquisition[410]: meter record sequence gap: expected 68799, got 68800 (no kernel transport overrun)
Aug 14 17:42:53.298075 msap1 msap1-fpga-acquisition[410]: meter record sequence gap: expected 68814, got 68815 (no kernel transport overrun)
Aug 14 17:42:56.297707 msap1 msap1-fpga-acquisition[410]: meter record sequence gap: expected 68829, got 68830 (no kernel transport overrun)
Aug 14 17:42:56.701359 msap1 systemd-journald[128]: Forwarding to syslog missed 14 messages.
Aug 14 17:42:59.297061 msap1 msap1-fpga-acquisition[410]: meter record sequence gap: expected 68844, got 68845 (no kernel transport overrun)
Aug 14 17:43:02.296338 msap1 msap1-fpga-acquisition[410]: meter record sequence gap: expected 68859, got 68860 (no kernel transport overrun)
Aug 14 17:43:05.295455 msap1 msap1-fpga-acquisition[410]: meter record sequence gap: expected 68874, got 68875 (no kernel transport overrun)
Aug 14 17:43:08.294451 msap1 msap1-fpga-acquisition[410]: meter record sequence gap: expected 68889, got 68890 (no kernel transport overrun)
Aug 14 17:43:11.293476 msap1 msap1-fpga-acquisition[410]: meter record sequence gap: expected 68904, got 68905 (no kernel transport overrun)
Aug 14 17:43:14.292379 msap1 msap1-fpga-acquisition[410]: meter record sequence gap: expected 68919, got 68920 (no kernel transport overrun)
Aug 14 17:43:17.291334 msap1 msap1-fpga-acquisition[410]: meter record sequence gap: expected 68934, got 68935 (no kernel transport overrun)
Aug 14 17:43:19.134178 msap1 systemd[1]: Started OpenSSH Per-Connection Daemon (172.30.19.19:59688).
Aug 14 17:43:19.841906 msap1 systemd[1]: sshd@53-172.30.19.99:22-172.30.19.19:59688.service: Deactivated successfully.
Aug 14 17:43:20.290420 msap1 msap1-fpga-acquisition[410]: meter record sequence gap: expected 68949, got 68950 (no kernel transport overrun)
Aug 14 17:43:23.289358 msap1 msap1-fpga-acquisition[410]: meter record sequence gap: expected 68964, got 68965 (no kernel transport overrun)
Aug 14 17:43:26.288383 msap1 msap1-fpga-acquisition[410]: meter record sequence gap: expected 68979, got 68980 (no kernel transport overrun)
Aug 14 17:43:26.701363 msap1 systemd-journald[128]: Forwarding to syslog missed 12 messages.
Aug 14 17:43:29.287459 msap1 msap1-fpga-acquisition[410]: meter record sequence gap: expected 68994, got 68995 (no kernel transport overrun)
Aug 14 17:43:31.422194 msap1 systemd[1]: Started OpenSSH Per-Connection Daemon (172.30.19.19:58170).
Aug 14 17:43:31.655281 msap1 systemd[1]: sshd@54-172.30.19.99:22-172.30.19.19:58170.service: Deactivated successfully.
Aug 14 17:43:32.286626 msap1 msap1-fpga-acquisition[410]: meter record sequence gap: expected 69009, got 69010 (no kernel transport overrun)
Aug 14 17:43:33.994177 msap1 systemd[1]: Started OpenSSH Per-Connection Daemon (172.30.19.19:58178).
Aug 14 17:43:34.292582 msap1 systemd[1]: sshd@55-172.30.19.99:22-172.30.19.19:58178.service: Deactivated successfully.
Aug 14 17:43:35.285893 msap1 msap1-fpga-acquisition[410]: meter record sequence gap: expected 69024, got 69025 (no kernel transport overrun)
Aug 14 17:43:38.284735 msap1 msap1-fpga-acquisition[410]: meter record sequence gap: expected 69039, got 69040 (no kernel transport overrun)
Aug 14 17:43:41.285487 msap1 msap1-fpga-acquisition[410]: meter record sequence gap: expected 69054, got 69055 (no kernel transport overrun)
Aug 14 17:43:44.282993 msap1 msap1-fpga-acquisition[410]: meter record sequence gap: expected 69069, got 69070 (no kernel transport overrun)
Aug 14 17:43:44.910208 msap1 systemd[1]: Started OpenSSH Per-Connection Daemon (172.30.19.19:60854).
Aug 14 17:43:45.141456 msap1 systemd[1]: sshd@56-172.30.19.99:22-172.30.19.19:60854.service: Deactivated successfully.
Aug 14 17:43:47.282076 msap1 msap1-fpga-acquisition[410]: meter record sequence gap: expected 69084, got 69085 (no kernel transport overrun)
Aug 14 17:43:50.281462 msap1 msap1-fpga-acquisition[410]: meter record sequence gap: expected 69099, got 69100 (no kernel transport overrun)
Aug 14 17:43:53.280590 msap1 msap1-fpga-acquisition[410]: meter record sequence gap: expected 69114, got 69115 (no kernel transport overrun)
Aug 14 17:43:56.280023 msap1 msap1-fpga-acquisition[410]: meter record sequence gap: expected 69129, got 69130 (no kernel transport overrun)
Aug 14 17:43:59.279550 msap1 msap1-fpga-acquisition[410]: meter record sequence gap: expected 69144, got 69145 (no kernel transport overrun)
Aug 14 17:43:59.279576 msap1 systemd-journald[128]: Forwarding to syslog missed 17 messages.
Aug 14 17:44:02.279206 msap1 msap1-fpga-acquisition[410]: meter record sequence gap: expected 69159, got 69160 (no kernel transport overrun)
Aug 14 17:44:05.278962 msap1 msap1-fpga-acquisition[410]: meter record sequence gap: expected 69174, got 69175 (no kernel transport overrun)
Aug 14 17:44:08.278779 msap1 msap1-fpga-acquisition[410]: meter record sequence gap: expected 69189, got 69190 (no kernel transport overrun)
Aug 14 17:44:11.278772 msap1 msap1-fpga-acquisition[410]: meter record sequence gap: expected 69204, got 69205 (no kernel transport overrun)
Aug 14 17:44:14.278754 msap1 msap1-fpga-acquisition[410]: meter record sequence gap: expected 69219, got 69220 (no kernel transport overrun)
Aug 14 17:44:17.278818 msap1 msap1-fpga-acquisition[410]: meter record sequence gap: expected 69234, got 69235 (no kernel transport overrun)
Aug 14 17:44:20.278930 msap1 msap1-fpga-acquisition[410]: meter record sequence gap: expected 69249, got 69250 (no kernel transport overrun)
Aug 14 17:44:21.778176 msap1 systemd[1]: Started OpenSSH Per-Connection Daemon (172.30.19.19:49142).
Aug 14 17:44:22.104886 msap1 systemd[1]: sshd@57-172.30.19.99:22-172.30.19.19:49142.service: Deactivated successfully.
Aug 14 17:44:23.278951 msap1 msap1-fpga-acquisition[410]: meter record sequence gap: expected 69264, got 69265 (no kernel transport overrun)
Aug 14 17:44:26.279075 msap1 msap1-fpga-acquisition[410]: meter record sequence gap: expected 69279, got 69280 (no kernel transport overrun)
Aug 14 17:44:29.279310 msap1 msap1-fpga-acquisition[410]: meter record sequence gap: expected 69294, got 69295 (no kernel transport overrun)
Aug 14 17:44:29.701360 msap1 systemd-journald[128]: Forwarding to syslog missed 12 messages.
Aug 14 17:44:32.279655 msap1 msap1-fpga-acquisition[410]: meter record sequence gap: expected 69309, got 69310 (no kernel transport overrun)
Aug 14 17:44:35.280122 msap1 msap1-fpga-acquisition[410]: meter record sequence gap: expected 69324, got 69325 (no kernel transport overrun)
Aug 14 17:44:38.280693 msap1 msap1-fpga-acquisition[410]: meter record sequence gap: expected 69339, got 69340 (no kernel transport overrun)
Aug 14 17:44:41.281262 msap1 msap1-fpga-acquisition[410]: meter record sequence gap: expected 69354, got 69355 (no kernel transport overrun)
Aug 14 17:44:44.281872 msap1 msap1-fpga-acquisition[410]: meter record sequence gap: expected 69369, got 69370 (no kernel transport overrun)
Aug 14 17:44:47.282349 msap1 msap1-fpga-acquisition[410]: meter record sequence gap: expected 69384, got 69385 (no kernel transport overrun)
Aug 14 17:44:50.282752 msap1 msap1-fpga-acquisition[410]: meter record sequence gap: expected 69399, got 69400 (no kernel transport overrun)
Aug 14 17:44:50.922178 msap1 systemd[1]: Started OpenSSH Per-Connection Daemon (172.30.19.19:53894).
Aug 14 17:44:51.352028 msap1 systemd[1]: sshd@58-172.30.19.99:22-172.30.19.19:53894.service: Deactivated successfully.
Aug 14 17:44:53.282974 msap1 msap1-fpga-acquisition[410]: meter record sequence gap: expected 69414, got 69415 (no kernel transport overrun)
Aug 14 17:44:56.282987 msap1 msap1-fpga-acquisition[410]: meter record sequence gap: expected 69429, got 69430 (no kernel transport overrun)
Aug 14 17:44:59.282769 msap1 msap1-fpga-acquisition[410]: meter record sequence gap: expected 69444, got 69445 (no kernel transport overrun)
Aug 14 17:45:02.282600 msap1 msap1-fpga-acquisition[410]: meter record sequence gap: expected 69459, got 69460 (no kernel transport overrun)
Aug 14 17:45:02.282625 msap1 systemd-journald[128]: Forwarding to syslog missed 13 messages.
Aug 14 17:45:05.282437 msap1 msap1-fpga-acquisition[410]: meter record sequence gap: expected 69474, got 69475 (no kernel transport overrun)
Aug 14 17:45:08.282068 msap1 msap1-fpga-acquisition[410]: meter record sequence gap: expected 69489, got 69490 (no kernel transport overrun)
Aug 14 17:45:11.281902 msap1 msap1-fpga-acquisition[410]: meter record sequence gap: expected 69504, got 69505 (no kernel transport overrun)
Aug 14 17:45:11.356394 msap1 msap1-fpga-acquisition[410]: ADC SPI register read recovered after retry
Aug 14 17:45:14.281689 msap1 msap1-fpga-acquisition[410]: meter record sequence gap: expected 69519, got 69520 (no kernel transport overrun)
Aug 14 17:45:17.281569 msap1 msap1-fpga-acquisition[410]: meter record sequence gap: expected 69534, got 69535 (no kernel transport overrun)
Aug 14 17:45:20.281420 msap1 msap1-fpga-acquisition[410]: meter record sequence gap: expected 69549, got 69550 (no kernel transport overrun)
Aug 14 17:45:23.281335 msap1 msap1-fpga-acquisition[410]: meter record sequence gap: expected 69564, got 69565 (no kernel transport overrun)
Aug 14 17:45:24.226185 msap1 systemd[1]: Started OpenSSH Per-Connection Daemon (172.30.19.19:50884).
Aug 14 17:45:24.557946 msap1 systemd[1]: sshd@59-172.30.19.99:22-172.30.19.19:50884.service: Deactivated successfully.
Aug 14 17:45:26.281391 msap1 msap1-fpga-acquisition[410]: meter record sequence gap: expected 69579, got 69580 (no kernel transport overrun)
Aug 14 17:45:29.281441 msap1 msap1-fpga-acquisition[410]: meter record sequence gap: expected 69594, got 69595 (no kernel transport overrun)
Aug 14 17:45:32.281499 msap1 msap1-fpga-acquisition[410]: meter record sequence gap: expected 69609, got 69610 (no kernel transport overrun)
Aug 14 17:45:32.701368 msap1 systemd-journald[128]: Forwarding to syslog missed 13 messages.
Aug 14 17:45:35.281615 msap1 msap1-fpga-acquisition[410]: meter record sequence gap: expected 69624, got 69625 (no kernel transport overrun)
Aug 14 17:45:38.281623 msap1 msap1-fpga-acquisition[410]: meter record sequence gap: expected 69639, got 69640 (no kernel transport overrun)
Aug 14 17:45:41.281617 msap1 msap1-fpga-acquisition[410]: meter record sequence gap: expected 69654, got 69655 (no kernel transport overrun)
Aug 14 17:45:44.281287 msap1 msap1-fpga-acquisition[410]: meter record sequence gap: expected 69669, got 69670 (no kernel transport overrun)
Aug 14 17:45:47.280883 msap1 msap1-fpga-acquisition[410]: meter record sequence gap: expected 69684, got 69685 (no kernel transport overrun)
Aug 14 17:45:50.280404 msap1 msap1-fpga-acquisition[410]: meter record sequence gap: expected 69699, got 69700 (no kernel transport overrun)
Aug 14 17:45:53.279805 msap1 msap1-fpga-acquisition[410]: meter record sequence gap: expected 69714, got 69715 (no kernel transport overrun)
Aug 14 17:45:56.279278 msap1 msap1-fpga-acquisition[410]: meter record sequence gap: expected 69729, got 69730 (no kernel transport overrun)
Aug 14 17:45:59.278739 msap1 msap1-fpga-acquisition[410]: meter record sequence gap: expected 69744, got 69745 (no kernel transport overrun)
Aug 14 17:46:02.278276 msap1 msap1-fpga-acquisition[410]: meter record sequence gap: expected 69759, got 69760 (no kernel transport overrun)
Aug 14 17:46:02.701369 msap1 systemd-journald[128]: Forwarding to syslog missed 10 messages.
Aug 14 17:46:05.277623 msap1 msap1-fpga-acquisition[410]: meter record sequence gap: expected 69774, got 69775 (no kernel transport overrun)
Aug 14 17:46:08.276930 msap1 msap1-fpga-acquisition[410]: meter record sequence gap: expected 69789, got 69790 (no kernel transport overrun)
Aug 14 17:46:11.276312 msap1 msap1-fpga-acquisition[410]: meter record sequence gap: expected 69804, got 69805 (no kernel transport overrun)
Aug 14 17:46:14.275586 msap1 msap1-fpga-acquisition[410]: meter record sequence gap: expected 69819, got 69820 (no kernel transport overrun)
Aug 14 17:46:17.275639 msap1 msap1-fpga-acquisition[410]: meter record sequence gap: expected 69834, got 69835 (no kernel transport overrun)
Aug 14 17:46:20.274626 msap1 msap1-fpga-acquisition[410]: meter record sequence gap: expected 69849, got 69850 (no kernel transport overrun)
Aug 14 17:46:23.274196 msap1 msap1-fpga-acquisition[410]: meter record sequence gap: expected 69864, got 69865 (no kernel transport overrun)
Aug 14 17:46:26.273834 msap1 msap1-fpga-acquisition[410]: meter record sequence gap: expected 69879, got 69880 (no kernel transport overrun)
Aug 14 17:46:29.273475 msap1 msap1-fpga-acquisition[410]: meter record sequence gap: expected 69894, got 69895 (no kernel transport overrun)
Aug 14 17:46:32.273140 msap1 msap1-fpga-acquisition[410]: meter record sequence gap: expected 69909, got 69910 (no kernel transport overrun)
Aug 14 17:46:35.272793 msap1 msap1-fpga-acquisition[410]: meter record sequence gap: expected 69924, got 69925 (no kernel transport overrun)
Aug 14 17:46:35.272819 msap1 systemd-journald[128]: Forwarding to syslog missed 11 messages.
Aug 14 17:46:38.272552 msap1 msap1-fpga-acquisition[410]: meter record sequence gap: expected 69939, got 69940 (no kernel transport overrun)
Aug 14 17:46:41.272347 msap1 msap1-fpga-acquisition[410]: meter record sequence gap: expected 69954, got 69955 (no kernel transport overrun)
Aug 14 17:46:44.272300 msap1 msap1-fpga-acquisition[410]: meter record sequence gap: expected 69969, got 69970 (no kernel transport overrun)
Aug 14 17:46:47.272491 msap1 msap1-fpga-acquisition[410]: meter record sequence gap: expected 69984, got 69985 (no kernel transport overrun)
Aug 14 17:46:50.272686 msap1 msap1-fpga-acquisition[410]: meter record sequence gap: expected 69999, got 70000 (no kernel transport overrun)
Aug 14 17:46:53.273075 msap1 msap1-fpga-acquisition[410]: meter record sequence gap: expected 70014, got 70015 (no kernel transport overrun)
Aug 14 17:46:56.273612 msap1 msap1-fpga-acquisition[410]: meter record sequence gap: expected 70029, got 70030 (no kernel transport overrun)
Aug 14 17:46:59.274209 msap1 msap1-fpga-acquisition[410]: meter record sequence gap: expected 70044, got 70045 (no kernel transport overrun)
Aug 14 17:47:02.274921 msap1 msap1-fpga-acquisition[410]: meter record sequence gap: expected 70059, got 70060 (no kernel transport overrun)
Aug 14 17:47:05.275710 msap1 msap1-fpga-acquisition[410]: meter record sequence gap: expected 70074, got 70075 (no kernel transport overrun)
Aug 14 17:47:05.275735 msap1 systemd-journald[128]: Forwarding to syslog missed 10 messages.
Aug 14 17:47:08.276434 msap1 msap1-fpga-acquisition[410]: meter record sequence gap: expected 70089, got 70090 (no kernel transport overrun)
Aug 14 17:47:11.276888 msap1 msap1-fpga-acquisition[410]: meter record sequence gap: expected 70104, got 70105 (no kernel transport overrun)
Aug 14 17:47:14.277211 msap1 msap1-fpga-acquisition[410]: meter record sequence gap: expected 70119, got 70120 (no kernel transport overrun)
Aug 14 17:47:17.277510 msap1 msap1-fpga-acquisition[410]: meter record sequence gap: expected 70134, got 70135 (no kernel transport overrun)
Aug 14 17:47:20.277745 msap1 msap1-fpga-acquisition[410]: meter record sequence gap: expected 70149, got 70150 (no kernel transport overrun)
Aug 14 17:47:23.277991 msap1 msap1-fpga-acquisition[410]: meter record sequence gap: expected 70164, got 70165 (no kernel transport overrun)
Aug 14 17:47:26.278231 msap1 msap1-fpga-acquisition[410]: meter record sequence gap: expected 70179, got 70180 (no kernel transport overrun)
Aug 14 17:47:29.278503 msap1 msap1-fpga-acquisition[410]: meter record sequence gap: expected 70194, got 70195 (no kernel transport overrun)
Aug 14 17:47:32.278727 msap1 msap1-fpga-acquisition[410]: meter record sequence gap: expected 70209, got 70210 (no kernel transport overrun)
Aug 14 17:47:35.279050 msap1 msap1-fpga-acquisition[410]: meter record sequence gap: expected 70224, got 70225 (no kernel transport overrun)
Aug 14 17:47:35.279076 msap1 systemd-journald[128]: Forwarding to syslog missed 10 messages.
Aug 14 17:47:38.279522 msap1 msap1-fpga-acquisition[410]: meter record sequence gap: expected 70239, got 70240 (no kernel transport overrun)
Aug 14 17:47:41.280062 msap1 msap1-fpga-acquisition[410]: meter record sequence gap: expected 70254, got 70255 (no kernel transport overrun)
Aug 14 17:47:44.280715 msap1 msap1-fpga-acquisition[410]: meter record sequence gap: expected 70269, got 70270 (no kernel transport overrun)
Aug 14 17:47:47.281310 msap1 msap1-fpga-acquisition[410]: meter record sequence gap: expected 70284, got 70285 (no kernel transport overrun)
Aug 14 17:47:50.281896 msap1 msap1-fpga-acquisition[410]: meter record sequence gap: expected 70299, got 70300 (no kernel transport overrun)
Aug 14 17:47:53.282454 msap1 msap1-fpga-acquisition[410]: meter record sequence gap: expected 70314, got 70315 (no kernel transport overrun)
Aug 14 17:47:56.282890 msap1 msap1-fpga-acquisition[410]: meter record sequence gap: expected 70329, got 70330 (no kernel transport overrun)
Aug 14 17:47:59.283475 msap1 msap1-fpga-acquisition[410]: meter record sequence gap: expected 70344, got 70345 (no kernel transport overrun)
Aug 14 17:48:02.284071 msap1 msap1-fpga-acquisition[410]: meter record sequence gap: expected 70359, got 70360 (no kernel transport overrun)
Aug 14 17:48:05.284865 msap1 msap1-fpga-acquisition[410]: meter record sequence gap: expected 70374, got 70375 (no kernel transport overrun)
Aug 14 17:48:05.284893 msap1 systemd-journald[128]: Forwarding to syslog missed 10 messages.
Aug 14 17:48:08.285615 msap1 msap1-fpga-acquisition[410]: meter record sequence gap: expected 70389, got 70390 (no kernel transport overrun)
Aug 14 17:48:11.286234 msap1 msap1-fpga-acquisition[410]: meter record sequence gap: expected 70404, got 70405 (no kernel transport overrun)
Aug 14 17:48:14.286883 msap1 msap1-fpga-acquisition[410]: meter record sequence gap: expected 70419, got 70420 (no kernel transport overrun)
Aug 14 17:48:17.287313 msap1 msap1-fpga-acquisition[410]: meter record sequence gap: expected 70434, got 70435 (no kernel transport overrun)
Aug 14 17:48:20.287743 msap1 msap1-fpga-acquisition[410]: meter record sequence gap: expected 70449, got 70450 (no kernel transport overrun)
Aug 14 17:48:23.288078 msap1 msap1-fpga-acquisition[410]: meter record sequence gap: expected 70464, got 70465 (no kernel transport overrun)
Aug 14 17:48:26.288380 msap1 msap1-fpga-acquisition[410]: meter record sequence gap: expected 70479, got 70480 (no kernel transport overrun)
Aug 14 17:48:29.288770 msap1 msap1-fpga-acquisition[410]: meter record sequence gap: expected 70494, got 70495 (no kernel transport overrun)
Aug 14 17:48:32.288652 msap1 msap1-fpga-acquisition[410]: meter record sequence gap: expected 70509, got 70510 (no kernel transport overrun)
Aug 14 17:48:35.288747 msap1 msap1-fpga-acquisition[410]: meter record sequence gap: expected 70524, got 70525 (no kernel transport overrun)
Aug 14 17:48:35.288771 msap1 systemd-journald[128]: Forwarding to syslog missed 10 messages.
Aug 14 17:48:38.288980 msap1 msap1-fpga-acquisition[410]: meter record sequence gap: expected 70539, got 70540 (no kernel transport overrun)
Aug 14 17:48:41.289244 msap1 msap1-fpga-acquisition[410]: meter record sequence gap: expected 70554, got 70555 (no kernel transport overrun)
Aug 14 17:48:44.289808 msap1 msap1-fpga-acquisition[410]: meter record sequence gap: expected 70569, got 70570 (no kernel transport overrun)
Aug 14 17:48:47.289934 msap1 msap1-fpga-acquisition[410]: meter record sequence gap: expected 70584, got 70585 (no kernel transport overrun)
Aug 14 17:48:50.290237 msap1 msap1-fpga-acquisition[410]: meter record sequence gap: expected 70599, got 70600 (no kernel transport overrun)
Aug 14 17:48:53.290669 msap1 msap1-fpga-acquisition[410]: meter record sequence gap: expected 70614, got 70615 (no kernel transport overrun)
Aug 14 17:48:56.291124 msap1 msap1-fpga-acquisition[410]: meter record sequence gap: expected 70629, got 70630 (no kernel transport overrun)
Aug 14 17:48:59.291846 msap1 msap1-fpga-acquisition[410]: meter record sequence gap: expected 70644, got 70645 (no kernel transport overrun)
Aug 14 17:49:02.292212 msap1 msap1-fpga-acquisition[410]: meter record sequence gap: expected 70659, got 70660 (no kernel transport overrun)
Aug 14 17:49:05.292891 msap1 msap1-fpga-acquisition[410]: meter record sequence gap: expected 70674, got 70675 (no kernel transport overrun)
Aug 14 17:49:05.292921 msap1 systemd-journald[128]: Forwarding to syslog missed 10 messages.
Aug 14 17:49:08.293654 msap1 msap1-fpga-acquisition[410]: meter record sequence gap: expected 70689, got 70690 (no kernel transport overrun)
Aug 14 17:49:08.426221 msap1 systemd[1]: Started OpenSSH Per-Connection Daemon (172.30.19.19:42184).
Aug 14 17:49:08.724822 msap1 systemd[1]: sshd@60-172.30.19.99:22-172.30.19.19:42184.service: Deactivated successfully.
Aug 14 17:49:11.294457 msap1 msap1-fpga-acquisition[410]: meter record sequence gap: expected 70704, got 70705 (no kernel transport overrun)
Aug 14 17:49:14.295292 msap1 msap1-fpga-acquisition[410]: meter record sequence gap: expected 70719, got 70720 (no kernel transport overrun)
Aug 14 17:49:17.296094 msap1 msap1-fpga-acquisition[410]: meter record sequence gap: expected 70734, got 70735 (no kernel transport overrun)
Aug 14 17:49:20.296800 msap1 msap1-fpga-acquisition[410]: meter record sequence gap: expected 70749, got 70750 (no kernel transport overrun)
Aug 14 17:49:23.297599 msap1 msap1-fpga-acquisition[410]: meter record sequence gap: expected 70764, got 70765 (no kernel transport overrun)
Aug 14 17:49:26.298314 msap1 msap1-fpga-acquisition[410]: meter record sequence gap: expected 70779, got 70780 (no kernel transport overrun)
Aug 14 17:49:29.298994 msap1 msap1-fpga-acquisition[410]: meter record sequence gap: expected 70794, got 70795 (no kernel transport overrun)
Aug 14 17:49:32.299744 msap1 msap1-fpga-acquisition[410]: meter record sequence gap: expected 70809, got 70810 (no kernel transport overrun)
Aug 14 17:49:35.300415 msap1 msap1-fpga-acquisition[410]: meter record sequence gap: expected 70824, got 70825 (no kernel transport overrun)
Aug 14 17:49:35.300441 msap1 systemd-journald[128]: Forwarding to syslog missed 12 messages.
Aug 14 17:49:38.300948 msap1 msap1-fpga-acquisition[410]: meter record sequence gap: expected 70839, got 70840 (no kernel transport overrun)
Aug 14 17:49:41.301428 msap1 msap1-fpga-acquisition[410]: meter record sequence gap: expected 70854, got 70855 (no kernel transport overrun)
Aug 14 17:49:44.301882 msap1 msap1-fpga-acquisition[410]: meter record sequence gap: expected 70869, got 70870 (no kernel transport overrun)
Aug 14 17:49:47.302170 msap1 msap1-fpga-acquisition[410]: meter record sequence gap: expected 70884, got 70885 (no kernel transport overrun)
Aug 14 17:49:50.302543 msap1 msap1-fpga-acquisition[410]: meter record sequence gap: expected 70899, got 70900 (no kernel transport overrun)
Aug 14 17:49:53.302930 msap1 msap1-fpga-acquisition[410]: meter record sequence gap: expected 70914, got 70915 (no kernel transport overrun)
Aug 14 17:49:56.303388 msap1 msap1-fpga-acquisition[410]: meter record sequence gap: expected 70929, got 70930 (no kernel transport overrun)
Aug 14 17:49:59.303922 msap1 msap1-fpga-acquisition[410]: meter record sequence gap: expected 70944, got 70945 (no kernel transport overrun)
Aug 14 17:50:02.304653 msap1 msap1-fpga-acquisition[410]: meter record sequence gap: expected 70959, got 70960 (no kernel transport overrun)
Aug 14 17:50:05.305552 msap1 msap1-fpga-acquisition[410]: meter record sequence gap: expected 70974, got 70975 (no kernel transport overrun)
Aug 14 17:50:05.305579 msap1 systemd-journald[128]: Forwarding to syslog missed 10 messages.
Aug 14 17:50:08.306583 msap1 msap1-fpga-acquisition[410]: meter record sequence gap: expected 70989, got 70990 (no kernel transport overrun)
Aug 14 17:50:11.307665 msap1 msap1-fpga-acquisition[410]: meter record sequence gap: expected 71004, got 71005 (no kernel transport overrun)
Aug 14 17:50:14.308663 msap1 msap1-fpga-acquisition[410]: meter record sequence gap: expected 71019, got 71020 (no kernel transport overrun)
Aug 14 17:50:17.309719 msap1 msap1-fpga-acquisition[410]: meter record sequence gap: expected 71034, got 71035 (no kernel transport overrun)
Aug 14 17:50:20.310609 msap1 msap1-fpga-acquisition[410]: meter record sequence gap: expected 71049, got 71050 (no kernel transport overrun)
Aug 14 17:50:23.311530 msap1 msap1-fpga-acquisition[410]: meter record sequence gap: expected 71064, got 71065 (no kernel transport overrun)
Aug 14 17:50:26.312237 msap1 msap1-fpga-acquisition[410]: meter record sequence gap: expected 71079, got 71080 (no kernel transport overrun)
Aug 14 17:50:29.312520 msap1 msap1-fpga-acquisition[410]: meter record sequence gap: expected 71094, got 71095 (no kernel transport overrun)
Aug 14 17:50:32.312770 msap1 msap1-fpga-acquisition[410]: meter record sequence gap: expected 71109, got 71110 (no kernel transport overrun)
Aug 14 17:50:35.312970 msap1 msap1-fpga-acquisition[410]: meter record sequence gap: expected 71124, got 71125 (no kernel transport overrun)
Aug 14 17:50:35.312996 msap1 systemd-journald[128]: Forwarding to syslog missed 10 messages.
Aug 14 17:50:38.312791 msap1 msap1-fpga-acquisition[410]: meter record sequence gap: expected 71139, got 71140 (no kernel transport overrun)
Aug 14 17:50:41.312834 msap1 msap1-fpga-acquisition[410]: meter record sequence gap: expected 71154, got 71155 (no kernel transport overrun)
Aug 14 17:50:44.312424 msap1 msap1-fpga-acquisition[410]: meter record sequence gap: expected 71169, got 71170 (no kernel transport overrun)
Aug 14 17:50:47.312215 msap1 msap1-fpga-acquisition[410]: meter record sequence gap: expected 71184, got 71185 (no kernel transport overrun)
Aug 14 17:50:50.311689 msap1 msap1-fpga-acquisition[410]: meter record sequence gap: expected 71199, got 71200 (no kernel transport overrun)
Aug 14 17:50:53.311273 msap1 msap1-fpga-acquisition[410]: meter record sequence gap: expected 71214, got 71215 (no kernel transport overrun)
Aug 14 17:50:56.510286 msap1 msap1-fpga-acquisition[410]: meter record sequence gap: expected 71229, got 71237 (no kernel transport overrun)
Aug 14 17:52:23.951361 msap1 systemd-journald[128]: Forwarding to syslog missed 7 messages.
Aug 14 17:55:41.258183 msap1 systemd[1]: Started OpenSSH Per-Connection Daemon (172.30.19.19:57244).
Aug 14 17:55:41.258215 msap1 systemd-journald[128]: Forwarding to syslog missed 1 messages.
Aug 14 17:55:41.735913 msap1 systemd[1]: sshd@61-172.30.19.99:22-172.30.19.19:57244.service: Deactivated successfully.
Aug 14 17:56:15.926204 msap1 systemd[1]: Started OpenSSH Per-Connection Daemon (172.30.19.19:51304).
Aug 14 17:56:15.926233 msap1 systemd-journald[128]: Forwarding to syslog missed 2 messages.
Aug 14 17:56:16.199071 msap1 systemd[1]: sshd@62-172.30.19.99:22-172.30.19.19:51304.service: Deactivated successfully.
Aug 14 17:56:42.274354 msap1 systemd[1]: Started OpenSSH Per-Connection Daemon (172.30.19.19:57578).
Aug 14 17:56:42.514962 msap1 systemd[1]: sshd@63-172.30.19.99:22-172.30.19.19:57578.service: Deactivated successfully.
Aug 14 17:57:41.935531 msap1 msap1-fpga-acquisition[410]: ADC SPI register read recovered after retry
Aug 14 17:57:41.935556 msap1 systemd-journald[128]: Forwarding to syslog missed 4 messages.
Aug 14 17:58:03.934197 msap1 systemd[1]: Started OpenSSH Per-Connection Daemon (172.30.19.19:57272).
Aug 14 17:58:04.287012 msap1 systemd[1]: sshd@64-172.30.19.99:22-172.30.19.19:57272.service: Deactivated successfully.
Aug 14 17:58:59.258234 msap1 systemd[1]: Started OpenSSH Per-Connection Daemon (172.30.19.19:35736).
Aug 14 17:58:59.258266 msap1 systemd-journald[128]: Forwarding to syslog missed 3 messages.
Aug 14 17:59:29.606326 msap1 systemd[1]: sshd@65-172.30.19.99:22-172.30.19.19:35736.service: Deactivated successfully.
Aug 14 17:59:29.606361 msap1 systemd-journald[128]: Forwarding to syslog missed 1 messages.
Aug 14 18:01:17.074288 msap1 systemd[1]: Started OpenSSH Per-Connection Daemon (172.30.19.19:35588).
Aug 14 18:01:17.075463 msap1 systemd-journald[128]: Forwarding to syslog missed 1 messages.
Aug 14 18:01:17.396364 msap1 systemd[1]: sshd@66-172.30.19.99:22-172.30.19.19:35588.service: Deactivated successfully.
Aug 14 18:02:23.951359 msap1 systemd-journald[128]: Forwarding to syslog missed 1 messages.
Aug 14 18:06:42.341496 msap1 msap1-fpga-acquisition[410]: ADC SPI register read recovered after retry
Aug 14 18:06:42.341527 msap1 systemd-journald[128]: Forwarding to syslog missed 1 messages.
Aug 14 18:21:43.001910 msap1 msap1-fpga-acquisition[410]: ADC SPI register read recovered after retry
Aug 14 18:21:43.001935 msap1 systemd-journald[128]: Forwarding to syslog missed 1 messages.
Aug 14 18:32:43.519297 msap1 msap1-fpga-acquisition[410]: RPU ADC health became degraded: ADC INIT_COMPLETE is not asserted
Aug 14 18:32:43.519325 msap1 systemd-journald[128]: Forwarding to syslog missed 1 messages.
Aug 14 18:33:13.539586 msap1 msap1-fpga-acquisition[410]: RPU ADC health became healthy
Aug 14 18:33:13.539615 msap1 systemd-journald[128]: Forwarding to syslog missed 1 messages.
Aug 14 18:37:13.722818 msap1 msap1-fpga-acquisition[410]: ADC SPI register read recovered after retry
Aug 14 18:37:13.722919 msap1 systemd-journald[128]: Forwarding to syslog missed 1 messages.
Aug 14 18:50:14.302093 msap1 msap1-fpga-acquisition[410]: ADC SPI register read recovered after retry
Aug 14 18:50:14.302125 msap1 systemd-journald[128]: Forwarding to syslog missed 1 messages.
Aug 14 19:10:15.226899 msap1 msap1-fpga-acquisition[410]: ADC SPI register read recovered after retry
Aug 14 19:10:15.227012 msap1 systemd-journald[128]: Forwarding to syslog missed 1 messages.
Aug 14 19:13:45.399499 msap1 msap1-fpga-acquisition[410]: ADC SPI register read recovered after retry
Aug 14 19:13:45.399527 msap1 systemd-journald[128]: Forwarding to syslog missed 1 messages.
Aug 14 19:20:45.724640 msap1 msap1-fpga-acquisition[410]: ADC SPI register read recovered after retry
Aug 14 19:20:45.724665 msap1 systemd-journald[128]: Forwarding to syslog missed 1 messages.
Aug 14 19:27:46.039675 msap1 msap1-fpga-acquisition[410]: ADC SPI register read recovered after retry
Aug 14 19:27:46.039701 msap1 systemd-journald[128]: Forwarding to syslog missed 1 messages.
Aug 14 19:33:16.293758 msap1 msap1-fpga-acquisition[410]: ADC SPI register read recovered after retry
Aug 14 19:33:16.293783 msap1 systemd-journald[128]: Forwarding to syslog missed 1 messages.
Aug 14 19:47:46.963579 msap1 msap1-fpga-acquisition[410]: ADC SPI register read recovered after retry
Aug 14 19:47:46.963606 msap1 systemd-journald[128]: Forwarding to syslog missed 1 messages.
Aug 14 19:53:47.247259 msap1 msap1-fpga-acquisition[410]: RPU ADC health became degraded: ADC register readback does not match the active configuration
Aug 14 19:53:47.247282 msap1 systemd-journald[128]: Forwarding to syslog missed 1 messages.
Aug 14 19:54:17.267703 msap1 msap1-fpga-acquisition[410]: RPU ADC health became healthy
Aug 14 19:54:17.267728 msap1 systemd-journald[128]: Forwarding to syslog missed 1 messages.
Aug 14 19:57:47.430569 msap1 msap1-fpga-acquisition[410]: ADC SPI register read recovered after retry
Aug 14 19:57:47.430594 msap1 systemd-journald[128]: Forwarding to syslog missed 1 messages.
Aug 14 20:06:47.846966 msap1 msap1-fpga-acquisition[410]: ADC SPI register read recovered after retry
Aug 14 20:06:47.846992 msap1 systemd-journald[128]: Forwarding to syslog missed 1 messages.
Aug 14 20:19:18.425595 msap1 msap1-fpga-acquisition[410]: ADC SPI register read recovered after retry
Aug 14 20:19:18.425709 msap1 systemd-journald[128]: Forwarding to syslog missed 1 messages.
Aug 14 20:33:19.065415 msap1 msap1-fpga-acquisition[410]: ADC SPI register read recovered after retry
Aug 14 20:33:19.065442 msap1 systemd-journald[128]: Forwarding to syslog missed 1 messages.
Aug 14 20:36:49.227797 msap1 msap1-fpga-acquisition[410]: ADC SPI register read recovered after retry
Aug 14 20:36:49.227822 msap1 systemd-journald[128]: Forwarding to syslog missed 1 messages.
Aug 14 20:39:49.369912 msap1 msap1-fpga-acquisition[410]: ADC SPI register read recovered after retry
Aug 14 20:39:49.369933 msap1 systemd-journald[128]: Forwarding to syslog missed 1 messages.
Aug 14 20:47:19.715644 msap1 msap1-fpga-acquisition[410]: ADC SPI register read recovered after retry
Aug 14 20:47:19.715670 msap1 systemd-journald[128]: Forwarding to syslog missed 1 messages.
Aug 14 20:54:50.061395 msap1 msap1-fpga-acquisition[410]: ADC SPI register read recovered after retry
Aug 14 20:54:50.061417 msap1 systemd-journald[128]: Forwarding to syslog missed 1 messages.
Aug 14 21:00:20.314981 msap1 msap1-fpga-acquisition[410]: RPU ADC health became degraded: ADC register readback does not match the active configuration
Aug 14 21:00:20.315012 msap1 systemd-journald[128]: Forwarding to syslog missed 1 messages.
Aug 14 21:00:50.335440 msap1 msap1-fpga-acquisition[410]: RPU ADC health became healthy
Aug 14 21:00:50.335465 msap1 systemd-journald[128]: Forwarding to syslog missed 1 messages.
Aug 14 21:01:50.386570 msap1 msap1-fpga-acquisition[410]: ADC SPI register read recovered after retry
Aug 14 21:01:50.386596 msap1 systemd-journald[128]: Forwarding to syslog missed 1 messages.
Aug 14 21:08:20.661327 msap1 msap1-fpga-acquisition[410]: ADC SPI register read recovered after retry
Aug 14 21:08:20.661348 msap1 systemd-journald[128]: Forwarding to syslog missed 1 messages.
Aug 14 21:08:50.691650 msap1 msap1-fpga-acquisition[410]: ADC SPI register read recovered after retry
Aug 14 21:08:50.691674 msap1 systemd-journald[128]: Forwarding to syslog missed 1 messages.
Aug 14 21:09:20.712328 msap1 msap1-fpga-acquisition[410]: ADC SPI register read recovered after retry
Aug 14 21:09:20.712354 msap1 systemd-journald[128]: Forwarding to syslog missed 1 messages.
Aug 14 21:17:51.108214 msap1 msap1-fpga-acquisition[410]: ADC SPI register read recovered after retry
Aug 14 21:17:51.108238 msap1 systemd-journald[128]: Forwarding to syslog missed 1 messages.
Aug 14 21:19:17.136260 msap1 msap1-fpga-acquisition[410]: meter record sequence gap: expected 133734, got 133735 (no kernel transport overrun)
Aug 14 21:19:17.136367 msap1 systemd-journald[128]: Forwarding to syslog missed 1 messages.
Aug 14 21:19:20.136653 msap1 msap1-fpga-acquisition[410]: meter record sequence gap: expected 133749, got 133750 (no kernel transport overrun)
Aug 14 21:19:23.137009 msap1 msap1-fpga-acquisition[410]: meter record sequence gap: expected 133764, got 133765 (no kernel transport overrun)
Aug 14 21:19:26.137428 msap1 msap1-fpga-acquisition[410]: meter record sequence gap: expected 133779, got 133780 (no kernel transport overrun)
Aug 14 21:19:29.137633 msap1 msap1-fpga-acquisition[410]: meter record sequence gap: expected 133794, got 133795 (no kernel transport overrun)
Aug 14 21:19:32.137777 msap1 msap1-fpga-acquisition[410]: meter record sequence gap: expected 133809, got 133810 (no kernel transport overrun)
Aug 14 21:19:35.137822 msap1 msap1-fpga-acquisition[410]: meter record sequence gap: expected 133824, got 133825 (no kernel transport overrun)
Aug 14 21:19:38.137867 msap1 msap1-fpga-acquisition[410]: meter record sequence gap: expected 133839, got 133840 (no kernel transport overrun)
Aug 14 21:19:41.137995 msap1 msap1-fpga-acquisition[410]: meter record sequence gap: expected 133854, got 133855 (no kernel transport overrun)
Aug 14 21:19:44.138170 msap1 msap1-fpga-acquisition[410]: meter record sequence gap: expected 133869, got 133870 (no kernel transport overrun)
Aug 14 21:19:47.138324 msap1 msap1-fpga-acquisition[410]: meter record sequence gap: expected 133884, got 133885 (no kernel transport overrun)
Aug 14 21:19:47.138349 msap1 systemd-journald[128]: Forwarding to syslog missed 10 messages.
Aug 14 21:19:50.138495 msap1 msap1-fpga-acquisition[410]: meter record sequence gap: expected 133899, got 133900 (no kernel transport overrun)
Aug 14 21:19:53.138657 msap1 msap1-fpga-acquisition[410]: meter record sequence gap: expected 133914, got 133915 (no kernel transport overrun)
Aug 14 21:19:56.138899 msap1 msap1-fpga-acquisition[410]: meter record sequence gap: expected 133929, got 133930 (no kernel transport overrun)
Aug 14 21:19:59.139090 msap1 msap1-fpga-acquisition[410]: meter record sequence gap: expected 133944, got 133945 (no kernel transport overrun)
Aug 14 21:20:02.139367 msap1 msap1-fpga-acquisition[410]: meter record sequence gap: expected 133959, got 133960 (no kernel transport overrun)
Aug 14 21:20:05.139605 msap1 msap1-fpga-acquisition[410]: meter record sequence gap: expected 133974, got 133975 (no kernel transport overrun)
Aug 14 21:20:08.139818 msap1 msap1-fpga-acquisition[410]: meter record sequence gap: expected 133989, got 133990 (no kernel transport overrun)
Aug 14 21:20:11.139897 msap1 msap1-fpga-acquisition[410]: meter record sequence gap: expected 134004, got 134005 (no kernel transport overrun)
Aug 14 21:20:14.140128 msap1 msap1-fpga-acquisition[410]: meter record sequence gap: expected 134019, got 134020 (no kernel transport overrun)
Aug 14 21:20:17.140190 msap1 msap1-fpga-acquisition[410]: meter record sequence gap: expected 134034, got 134035 (no kernel transport overrun)
Aug 14 21:20:17.140219 msap1 systemd-journald[128]: Forwarding to syslog missed 10 messages.
Aug 14 21:20:20.140272 msap1 msap1-fpga-acquisition[410]: meter record sequence gap: expected 134049, got 134050 (no kernel transport overrun)
Aug 14 21:20:21.210206 msap1 msap1-fpga-acquisition[410]: ADC SPI register read recovered after retry
Aug 14 21:20:23.140273 msap1 msap1-fpga-acquisition[410]: meter record sequence gap: expected 134064, got 134065 (no kernel transport overrun)
Aug 14 21:20:26.140174 msap1 msap1-fpga-acquisition[410]: meter record sequence gap: expected 134079, got 134080 (no kernel transport overrun)
Aug 14 21:20:29.139931 msap1 msap1-fpga-acquisition[410]: meter record sequence gap: expected 134094, got 134095 (no kernel transport overrun)
Aug 14 21:20:32.139728 msap1 msap1-fpga-acquisition[410]: meter record sequence gap: expected 134109, got 134110 (no kernel transport overrun)
Aug 14 21:20:35.139505 msap1 msap1-fpga-acquisition[410]: meter record sequence gap: expected 134124, got 134125 (no kernel transport overrun)
Aug 14 21:20:38.139376 msap1 msap1-fpga-acquisition[410]: meter record sequence gap: expected 134139, got 134140 (no kernel transport overrun)
Aug 14 21:20:41.139277 msap1 msap1-fpga-acquisition[410]: meter record sequence gap: expected 134154, got 134155 (no kernel transport overrun)
Aug 14 21:20:44.139411 msap1 msap1-fpga-acquisition[410]: meter record sequence gap: expected 134169, got 134170 (no kernel transport overrun)
Aug 14 21:20:47.139250 msap1 msap1-fpga-acquisition[410]: meter record sequence gap: expected 134184, got 134185 (no kernel transport overrun)
Aug 14 21:20:47.451358 msap1 systemd-journald[128]: Forwarding to syslog missed 11 messages.
Aug 14 21:20:50.139378 msap1 msap1-fpga-acquisition[410]: meter record sequence gap: expected 134199, got 134200 (no kernel transport overrun)
Aug 14 21:20:53.139584 msap1 msap1-fpga-acquisition[410]: meter record sequence gap: expected 134214, got 134215 (no kernel transport overrun)
Aug 14 21:20:56.139970 msap1 msap1-fpga-acquisition[410]: meter record sequence gap: expected 134229, got 134230 (no kernel transport overrun)
Aug 14 21:20:59.140132 msap1 msap1-fpga-acquisition[410]: meter record sequence gap: expected 134244, got 134245 (no kernel transport overrun)
Aug 14 21:21:02.140653 msap1 msap1-fpga-acquisition[410]: meter record sequence gap: expected 134259, got 134260 (no kernel transport overrun)
Aug 14 21:21:05.141198 msap1 msap1-fpga-acquisition[410]: meter record sequence gap: expected 134274, got 134275 (no kernel transport overrun)
Aug 14 21:21:08.141775 msap1 msap1-fpga-acquisition[410]: meter record sequence gap: expected 134289, got 134290 (no kernel transport overrun)
Aug 14 21:21:11.142353 msap1 msap1-fpga-acquisition[410]: meter record sequence gap: expected 134304, got 134305 (no kernel transport overrun)
Aug 14 21:21:14.143172 msap1 msap1-fpga-acquisition[410]: meter record sequence gap: expected 134319, got 134320 (no kernel transport overrun)
Aug 14 21:21:17.143475 msap1 msap1-fpga-acquisition[410]: meter record sequence gap: expected 134334, got 134335 (no kernel transport overrun)
Aug 14 21:21:17.451363 msap1 systemd-journald[128]: Forwarding to syslog missed 10 messages.
Aug 14 21:21:20.144061 msap1 msap1-fpga-acquisition[410]: meter record sequence gap: expected 134349, got 134350 (no kernel transport overrun)
Aug 14 21:21:23.144636 msap1 msap1-fpga-acquisition[410]: meter record sequence gap: expected 134364, got 134365 (no kernel transport overrun)
Aug 14 21:21:26.145444 msap1 msap1-fpga-acquisition[410]: meter record sequence gap: expected 134379, got 134380 (no kernel transport overrun)
Aug 14 21:21:29.145806 msap1 msap1-fpga-acquisition[410]: meter record sequence gap: expected 134394, got 134395 (no kernel transport overrun)
Aug 14 21:21:32.146462 msap1 msap1-fpga-acquisition[410]: meter record sequence gap: expected 134409, got 134410 (no kernel transport overrun)
Aug 14 21:21:35.146823 msap1 msap1-fpga-acquisition[410]: meter record sequence gap: expected 134424, got 134425 (no kernel transport overrun)
Aug 14 21:21:38.147301 msap1 msap1-fpga-acquisition[410]: meter record sequence gap: expected 134439, got 134440 (no kernel transport overrun)
Aug 14 21:21:41.147575 msap1 msap1-fpga-acquisition[410]: meter record sequence gap: expected 134454, got 134455 (no kernel transport overrun)
Aug 14 21:21:44.148004 msap1 msap1-fpga-acquisition[410]: meter record sequence gap: expected 134469, got 134470 (no kernel transport overrun)
Aug 14 21:21:47.148025 msap1 msap1-fpga-acquisition[410]: meter record sequence gap: expected 134484, got 134485 (no kernel transport overrun)
Aug 14 21:21:50.148482 msap1 msap1-fpga-acquisition[410]: meter record sequence gap: expected 134499, got 134500 (no kernel transport overrun)
Aug 14 21:21:50.148508 msap1 systemd-journald[128]: Forwarding to syslog missed 11 messages.
Aug 14 21:21:53.148472 msap1 msap1-fpga-acquisition[410]: meter record sequence gap: expected 134514, got 134515 (no kernel transport overrun)
Aug 14 21:21:56.148694 msap1 msap1-fpga-acquisition[410]: meter record sequence gap: expected 134529, got 134530 (no kernel transport overrun)
Aug 14 21:21:59.148339 msap1 msap1-fpga-acquisition[410]: meter record sequence gap: expected 134544, got 134545 (no kernel transport overrun)
Aug 14 21:22:02.148288 msap1 msap1-fpga-acquisition[410]: meter record sequence gap: expected 134559, got 134560 (no kernel transport overrun)
Aug 14 21:22:05.147741 msap1 msap1-fpga-acquisition[410]: meter record sequence gap: expected 134574, got 134575 (no kernel transport overrun)
Aug 14 21:22:08.147507 msap1 msap1-fpga-acquisition[410]: meter record sequence gap: expected 134589, got 134590 (no kernel transport overrun)
Aug 14 21:22:11.146909 msap1 msap1-fpga-acquisition[410]: meter record sequence gap: expected 134604, got 134605 (no kernel transport overrun)
Aug 14 21:22:14.146715 msap1 msap1-fpga-acquisition[410]: meter record sequence gap: expected 134619, got 134620 (no kernel transport overrun)
Aug 14 21:22:17.146140 msap1 msap1-fpga-acquisition[410]: meter record sequence gap: expected 134634, got 134635 (no kernel transport overrun)
Aug 14 21:22:20.145930 msap1 msap1-fpga-acquisition[410]: meter record sequence gap: expected 134649, got 134650 (no kernel transport overrun)
Aug 14 21:22:20.451361 msap1 systemd-journald[128]: Forwarding to syslog missed 10 messages.
Aug 14 21:22:23.145337 msap1 msap1-fpga-acquisition[410]: meter record sequence gap: expected 134664, got 134665 (no kernel transport overrun)
Aug 14 21:22:26.145061 msap1 msap1-fpga-acquisition[410]: meter record sequence gap: expected 134679, got 134680 (no kernel transport overrun)
Aug 14 21:22:29.144461 msap1 msap1-fpga-acquisition[410]: meter record sequence gap: expected 134694, got 134695 (no kernel transport overrun)
Aug 14 21:22:32.144039 msap1 msap1-fpga-acquisition[410]: meter record sequence gap: expected 134709, got 134710 (no kernel transport overrun)
Aug 14 21:22:35.143320 msap1 msap1-fpga-acquisition[410]: meter record sequence gap: expected 134724, got 134725 (no kernel transport overrun)
Aug 14 21:22:38.142848 msap1 msap1-fpga-acquisition[410]: meter record sequence gap: expected 134739, got 134740 (no kernel transport overrun)
Aug 14 21:22:41.141905 msap1 msap1-fpga-acquisition[410]: meter record sequence gap: expected 134754, got 134755 (no kernel transport overrun)
Aug 14 21:22:44.141204 msap1 msap1-fpga-acquisition[410]: meter record sequence gap: expected 134769, got 134770 (no kernel transport overrun)
Aug 14 21:22:47.140518 msap1 msap1-fpga-acquisition[410]: meter record sequence gap: expected 134784, got 134785 (no kernel transport overrun)
Aug 14 21:22:50.139832 msap1 msap1-fpga-acquisition[410]: meter record sequence gap: expected 134799, got 134800 (no kernel transport overrun)
Aug 14 21:22:50.451360 msap1 systemd-journald[128]: Forwarding to syslog missed 10 messages.
Aug 14 21:22:51.322113 msap1 msap1-fpga-acquisition[410]: ADC SPI register read recovered after retry
Aug 14 21:22:53.139023 msap1 msap1-fpga-acquisition[410]: meter record sequence gap: expected 134814, got 134815 (no kernel transport overrun)
Aug 14 21:22:56.138234 msap1 msap1-fpga-acquisition[410]: meter record sequence gap: expected 134829, got 134830 (no kernel transport overrun)
Aug 14 21:22:59.137444 msap1 msap1-fpga-acquisition[410]: meter record sequence gap: expected 134844, got 134845 (no kernel transport overrun)
Aug 14 21:23:02.136732 msap1 msap1-fpga-acquisition[410]: meter record sequence gap: expected 134859, got 134860 (no kernel transport overrun)
Aug 14 21:23:05.136377 msap1 msap1-fpga-acquisition[410]: meter record sequence gap: expected 134874, got 134875 (no kernel transport overrun)
Aug 14 21:23:08.135740 msap1 msap1-fpga-acquisition[410]: meter record sequence gap: expected 134889, got 134890 (no kernel transport overrun)
Aug 14 21:23:11.135358 msap1 msap1-fpga-acquisition[410]: meter record sequence gap: expected 134904, got 134905 (no kernel transport overrun)
Aug 14 21:23:14.135112 msap1 msap1-fpga-acquisition[410]: meter record sequence gap: expected 134919, got 134920 (no kernel transport overrun)
Aug 14 21:23:17.134850 msap1 msap1-fpga-acquisition[410]: meter record sequence gap: expected 134934, got 134935 (no kernel transport overrun)
Aug 14 21:23:20.134559 msap1 msap1-fpga-acquisition[410]: meter record sequence gap: expected 134949, got 134950 (no kernel transport overrun)
Aug 14 21:23:23.134094 msap1 systemd-journald[128]: Forwarding to syslog missed 11 messages.
Aug 14 21:23:23.134068 msap1 msap1-fpga-acquisition[410]: meter record sequence gap: expected 134964, got 134965 (no kernel transport overrun)
Aug 14 21:23:26.133874 msap1 msap1-fpga-acquisition[410]: meter record sequence gap: expected 134979, got 134980 (no kernel transport overrun)
Aug 14 21:23:29.133417 msap1 msap1-fpga-acquisition[410]: meter record sequence gap: expected 134994, got 134995 (no kernel transport overrun)
Aug 14 21:23:32.133136 msap1 msap1-fpga-acquisition[410]: meter record sequence gap: expected 135009, got 135010 (no kernel transport overrun)
Aug 14 21:23:35.132895 msap1 msap1-fpga-acquisition[410]: meter record sequence gap: expected 135024, got 135025 (no kernel transport overrun)
Aug 14 21:23:38.133046 msap1 msap1-fpga-acquisition[410]: meter record sequence gap: expected 135039, got 135040 (no kernel transport overrun)
Aug 14 21:23:41.131820 msap1 msap1-fpga-acquisition[410]: meter record sequence gap: expected 135054, got 135055 (no kernel transport overrun)
Aug 14 21:23:44.131211 msap1 msap1-fpga-acquisition[410]: meter record sequence gap: expected 135069, got 135070 (no kernel transport overrun)
Aug 14 21:23:47.130663 msap1 msap1-fpga-acquisition[410]: meter record sequence gap: expected 135084, got 135085 (no kernel transport overrun)
Aug 14 21:23:50.130194 msap1 msap1-fpga-acquisition[410]: meter record sequence gap: expected 135099, got 135100 (no kernel transport overrun)
Aug 14 21:23:51.372867 msap1 msap1-fpga-acquisition[410]: ADC SPI register read recovered after retry
Aug 14 21:23:53.129415 msap1 msap1-fpga-acquisition[410]: meter record sequence gap: expected 135114, got 135115 (no kernel transport overrun)
Aug 14 21:23:53.451360 msap1 systemd-journald[128]: Forwarding to syslog missed 12 messages.
Aug 14 21:23:56.128669 msap1 msap1-fpga-acquisition[410]: meter record sequence gap: expected 135129, got 135130 (no kernel transport overrun)
Aug 14 21:23:59.127846 msap1 msap1-fpga-acquisition[410]: meter record sequence gap: expected 135144, got 135145 (no kernel transport overrun)
Aug 14 21:24:02.126585 msap1 msap1-fpga-acquisition[410]: meter record sequence gap: expected 135159, got 135160 (no kernel transport overrun)
Aug 14 21:24:05.125416 msap1 msap1-fpga-acquisition[410]: meter record sequence gap: expected 135174, got 135175 (no kernel transport overrun)
Aug 14 21:24:08.124325 msap1 msap1-fpga-acquisition[410]: meter record sequence gap: expected 135189, got 135190 (no kernel transport overrun)
Aug 14 21:24:11.123077 msap1 msap1-fpga-acquisition[410]: meter record sequence gap: expected 135204, got 135205 (no kernel transport overrun)
Aug 14 21:24:14.121694 msap1 msap1-fpga-acquisition[410]: meter record sequence gap: expected 135219, got 135220 (no kernel transport overrun)
Aug 14 21:24:17.120469 msap1 msap1-fpga-acquisition[410]: meter record sequence gap: expected 135234, got 135235 (no kernel transport overrun)
Aug 14 21:24:20.119457 msap1 msap1-fpga-acquisition[410]: meter record sequence gap: expected 135249, got 135250 (no kernel transport overrun)
Aug 14 21:24:23.118165 msap1 msap1-fpga-acquisition[410]: meter record sequence gap: expected 135264, got 135265 (no kernel transport overrun)
Aug 14 21:24:26.117004 msap1 msap1-fpga-acquisition[410]: meter record sequence gap: expected 135279, got 135280 (no kernel transport overrun)
Aug 14 21:24:26.117029 msap1 systemd-journald[128]: Forwarding to syslog missed 11 messages.
Aug 14 21:24:29.115916 msap1 msap1-fpga-acquisition[410]: meter record sequence gap: expected 135294, got 135295 (no kernel transport overrun)
Aug 14 21:24:32.114673 msap1 msap1-fpga-acquisition[410]: meter record sequence gap: expected 135309, got 135310 (no kernel transport overrun)
Aug 14 21:24:35.113825 msap1 msap1-fpga-acquisition[410]: meter record sequence gap: expected 135324, got 135325 (no kernel transport overrun)
Aug 14 21:24:38.113168 msap1 msap1-fpga-acquisition[410]: meter record sequence gap: expected 135339, got 135340 (no kernel transport overrun)
Aug 14 21:24:41.112421 msap1 msap1-fpga-acquisition[410]: meter record sequence gap: expected 135354, got 135355 (no kernel transport overrun)
Aug 14 21:24:44.111632 msap1 msap1-fpga-acquisition[410]: meter record sequence gap: expected 135369, got 135370 (no kernel transport overrun)
Aug 14 21:24:47.111038 msap1 msap1-fpga-acquisition[410]: meter record sequence gap: expected 135384, got 135385 (no kernel transport overrun)
Aug 14 21:24:50.110713 msap1 msap1-fpga-acquisition[410]: meter record sequence gap: expected 135399, got 135400 (no kernel transport overrun)
Aug 14 21:24:53.110091 msap1 msap1-fpga-acquisition[410]: meter record sequence gap: expected 135414, got 135415 (no kernel transport overrun)
Aug 14 21:24:56.110006 msap1 msap1-fpga-acquisition[410]: meter record sequence gap: expected 135429, got 135430 (no kernel transport overrun)
Aug 14 21:24:56.451359 msap1 systemd-journald[128]: Forwarding to syslog missed 10 messages.
Aug 14 21:24:59.109756 msap1 msap1-fpga-acquisition[410]: meter record sequence gap: expected 135444, got 135445 (no kernel transport overrun)
Aug 14 21:25:02.109604 msap1 msap1-fpga-acquisition[410]: meter record sequence gap: expected 135459, got 135460 (no kernel transport overrun)
Aug 14 21:25:05.109928 msap1 msap1-fpga-acquisition[410]: meter record sequence gap: expected 135474, got 135475 (no kernel transport overrun)
Aug 14 21:25:08.110321 msap1 msap1-fpga-acquisition[410]: meter record sequence gap: expected 135489, got 135490 (no kernel transport overrun)
Aug 14 21:25:11.110796 msap1 msap1-fpga-acquisition[410]: meter record sequence gap: expected 135504, got 135505 (no kernel transport overrun)
Aug 14 21:25:14.111156 msap1 msap1-fpga-acquisition[410]: meter record sequence gap: expected 135519, got 135520 (no kernel transport overrun)
Aug 14 21:25:17.111593 msap1 msap1-fpga-acquisition[410]: meter record sequence gap: expected 135534, got 135535 (no kernel transport overrun)
Aug 14 21:25:20.112293 msap1 msap1-fpga-acquisition[410]: meter record sequence gap: expected 135549, got 135550 (no kernel transport overrun)
Aug 14 21:25:23.112750 msap1 msap1-fpga-acquisition[410]: meter record sequence gap: expected 135564, got 135565 (no kernel transport overrun)
Aug 14 21:25:26.113626 msap1 msap1-fpga-acquisition[410]: meter record sequence gap: expected 135579, got 135580 (no kernel transport overrun)
Aug 14 21:25:26.451363 msap1 systemd-journald[128]: Forwarding to syslog missed 10 messages.
Aug 14 21:25:29.114406 msap1 msap1-fpga-acquisition[410]: meter record sequence gap: expected 135594, got 135595 (no kernel transport overrun)
Aug 14 21:25:32.115233 msap1 msap1-fpga-acquisition[410]: meter record sequence gap: expected 135609, got 135610 (no kernel transport overrun)
Aug 14 21:25:35.116290 msap1 msap1-fpga-acquisition[410]: meter record sequence gap: expected 135624, got 135625 (no kernel transport overrun)
Aug 14 21:25:38.117658 msap1 msap1-fpga-acquisition[410]: meter record sequence gap: expected 135639, got 135640 (no kernel transport overrun)
Aug 14 21:25:41.118554 msap1 msap1-fpga-acquisition[410]: meter record sequence gap: expected 135654, got 135655 (no kernel transport overrun)
Aug 14 21:25:44.119791 msap1 msap1-fpga-acquisition[410]: meter record sequence gap: expected 135669, got 135670 (no kernel transport overrun)
Aug 14 21:25:47.121046 msap1 msap1-fpga-acquisition[410]: meter record sequence gap: expected 135684, got 135685 (no kernel transport overrun)
Aug 14 21:25:50.321413 msap1 msap1-fpga-acquisition[410]: meter record sequence gap: expected 135699, got 135707 (no kernel transport overrun)
Aug 14 21:26:23.951369 msap1 systemd-journald[128]: Forwarding to syslog missed 8 messages.
Aug 14 21:27:21.525555 msap1 msap1-fpga-acquisition[410]: ADC SPI register read recovered after retry
Aug 14 21:27:21.525584 msap1 systemd-journald[128]: Forwarding to syslog missed 1 messages.
Aug 14 21:30:21.667792 msap1 msap1-fpga-acquisition[410]: ADC SPI register read recovered after retry
Aug 14 21:30:21.667819 msap1 systemd-journald[128]: Forwarding to syslog missed 1 messages.
Aug 14 21:32:51.779763 msap1 msap1-fpga-acquisition[410]: ADC SPI register read recovered after retry
Aug 14 21:32:51.779805 msap1 systemd-journald[128]: Forwarding to syslog missed 1 messages.
Aug 14 21:34:51.881134 msap1 msap1-fpga-acquisition[410]: ADC SPI register read recovered after retry
Aug 14 21:34:51.881163 msap1 systemd-journald[128]: Forwarding to syslog missed 1 messages.
Aug 14 21:35:51.921842 msap1 msap1-fpga-acquisition[410]: ADC SPI register read recovered after retry
Aug 14 21:35:51.921869 msap1 systemd-journald[128]: Forwarding to syslog missed 1 messages.
Aug 14 21:36:51.972159 msap1 msap1-fpga-acquisition[410]: RPU ADC health became degraded: ADC register readback does not match the active configuration
Aug 14 21:36:51.972181 msap1 systemd-journald[128]: Forwarding to syslog missed 1 messages.
Aug 14 21:37:21.992561 msap1 msap1-fpga-acquisition[410]: RPU ADC health became healthy
Aug 14 21:37:21.992655 msap1 systemd-journald[128]: Forwarding to syslog missed 1 messages.
Aug 14 21:41:22.175600 msap1 msap1-fpga-acquisition[410]: RPU ADC health became degraded: ADC register readback does not match the active configuration
Aug 14 21:41:22.175646 msap1 systemd-journald[128]: Forwarding to syslog missed 1 messages.
Aug 14 21:41:52.205866 msap1 msap1-fpga-acquisition[410]: RPU ADC health became healthy
Aug 14 21:41:52.205892 msap1 systemd-journald[128]: Forwarding to syslog missed 1 messages.
Aug 14 21:45:52.389179 msap1 msap1-fpga-acquisition[410]: ADC SPI register read recovered after retry
Aug 14 21:45:52.389201 msap1 systemd-journald[128]: Forwarding to syslog missed 1 messages.
Aug 14 21:52:22.683786 msap1 msap1-fpga-acquisition[410]: ADC SPI register read recovered after retry
Aug 14 21:52:22.683877 msap1 systemd-journald[128]: Forwarding to syslog missed 1 messages.
Aug 14 21:56:52.896615 msap1 msap1-fpga-acquisition[410]: ADC SPI register read recovered after retry
Aug 14 21:56:52.896641 msap1 systemd-journald[128]: Forwarding to syslog missed 1 messages.
Aug 14 22:00:53.079312 msap1 msap1-fpga-acquisition[410]: ADC SPI register read recovered after retry
Aug 14 22:00:53.079441 msap1 systemd-journald[128]: Forwarding to syslog missed 1 messages.
Aug 14 22:06:53.363340 msap1 msap1-fpga-acquisition[410]: ADC SPI register read recovered after retry
Aug 14 22:06:53.363442 msap1 systemd-journald[128]: Forwarding to syslog missed 1 messages.
Aug 14 22:16:53.830348 msap1 msap1-fpga-acquisition[410]: ADC SPI register read recovered after retry
Aug 14 22:16:53.830373 msap1 systemd-journald[128]: Forwarding to syslog missed 1 messages.
Aug 14 22:21:24.023545 msap1 msap1-fpga-acquisition[410]: ADC SPI register read recovered after retry
Aug 14 22:21:24.023572 msap1 systemd-journald[128]: Forwarding to syslog missed 1 messages.
Aug 14 22:25:24.196427 msap1 msap1-fpga-acquisition[410]: ADC SPI register read recovered after retry
Aug 14 22:25:24.196453 msap1 systemd-journald[128]: Forwarding to syslog missed 1 messages.
Aug 14 22:25:54.227147 msap1 msap1-fpga-acquisition[410]: ADC SPI register read recovered after retry
Aug 14 22:25:54.227172 msap1 systemd-journald[128]: Forwarding to syslog missed 1 messages.
Aug 14 22:39:54.856459 msap1 msap1-fpga-acquisition[410]: ADC SPI register read recovered after retry
Aug 14 22:39:54.856575 msap1 systemd-journald[128]: Forwarding to syslog missed 1 messages.
Aug 14 22:42:24.968269 msap1 msap1-fpga-acquisition[410]: ADC SPI register read recovered after retry
Aug 14 22:42:24.968294 msap1 systemd-journald[128]: Forwarding to syslog missed 1 messages.
Aug 14 22:49:55.323023 msap1 msap1-fpga-acquisition[410]: RPU ADC health became degraded: ADC register readback does not match the active configuration
Aug 14 22:49:55.323048 msap1 systemd-journald[128]: Forwarding to syslog missed 1 messages.
Aug 14 22:50:25.343432 msap1 msap1-fpga-acquisition[410]: RPU ADC health became healthy
Aug 14 22:50:25.343458 msap1 systemd-journald[128]: Forwarding to syslog missed 1 messages.
Aug 14 22:57:25.668853 msap1 msap1-fpga-acquisition[410]: ADC SPI register read recovered after retry
Aug 14 22:57:25.668879 msap1 systemd-journald[128]: Forwarding to syslog missed 1 messages.
Aug 14 22:59:25.760240 msap1 msap1-fpga-acquisition[410]: ADC SPI register read recovered after retry
Aug 14 22:59:25.760270 msap1 systemd-journald[128]: Forwarding to syslog missed 1 messages.
Aug 14 23:03:25.953211 msap1 msap1-fpga-acquisition[410]: ADC SPI register read recovered after retry
Aug 14 23:03:25.953235 msap1 systemd-journald[128]: Forwarding to syslog missed 1 messages.
Aug 14 23:11:03.302175 msap1 systemd[1]: Started OpenSSH Per-Connection Daemon (172.30.19.19:55778).
Aug 14 23:11:03.302208 msap1 systemd-journald[128]: Forwarding to syslog missed 1 messages.
